Age,Flight Distance,Inflight wifi service,Departure/Arrival time convenient,Ease of Online booking,Gate location,Food and drink,Online boarding,Seat comfort,Inflight entertainment,On-board service,Leg room service,Baggage handling,Checkin service,Inflight service,Cleanliness,Departure Delay in Minutes,Arrival Delay in Minutes,satisfaction
62,2168,4,2,0,5,5,4,4,2,0,5,2,0,5,2,287,79,neutral or dissatisfied
65,4826,3,5,2,0,3,2,3,5,4,0,0,2,4,0,134,152,neutral or dissatisfied
71,2276,2,4,1,0,4,5,4,2,2,2,4,5,1,4,2,287,neutral or dissatisfied
18,4301,0,4,2,1,4,0,5,5,4,1,5,4,1,3,143,36,satisfied
21,325,1,1,5,4,1,4,5,5,3,2,0,0,2,2,187,20,neutral or dissatisfied
77,1907,5,5,3,0,1,0,4,5,1,0,5,2,1,4,186,180,neutral or dissatisfied
21,3290,1,1,5,5,3,3,5,1,4,2,0,3,2,4,250,63,satisfied
57,2299,4,5,0,0,1,0,4,3,4,3,0,0,5,0,39,125,neutral or dissatisfied
27,2032,5,2,5,3,0,5,5,1,1,5,5,1,4,5,288,180,neutral or dissatisfied
37,4073,0,3,5,4,5,4,4,2,0,3,1,4,3,4,216,99,neutral or dissatisfied
39,3941,0,3,4,3,3,5,0,2,1,2,5,0,2,3,198,6,neutral or dissatisfied
68,366,1,3,4,0,5,2,2,3,5,5,3,0,2,5,244,299,neutral or dissatisfied
54,3178,4,5,0,4,2,0,5,0,5,1,1,0,0,4,232,244,satisfied
41,714,2,3,0,4,3,4,2,3,2,0,1,0,3,5,137,287,neutral or dissatisfied
24,4106,0,0,5,4,0,1,1,1,4,0,3,1,3,2,43,258,satisfied
42,4527,5,5,3,2,2,2,1,2,1,1,3,0,5,5,13,280,satisfied
42,1465,1,5,3,1,3,1,1,4,4,0,4,5,2,3,201,43,neutral or dissatisfied
30,3554,2,3,0,1,1,1,2,2,0,4,1,5,2,3,120,190,satisfied
76,2518,2,1,3,0,2,5,2,0,4,5,2,5,3,0,246,65,neutral or dissatisfied
19,3430,2,5,5,1,4,3,2,0,4,5,0,1,1,0,141,157,satisfied
56,4865,5,1,1,4,1,0,1,3,1,5,2,0,5,0,204,286,satisfied
57,727,3,5,5,2,3,1,0,4,0,0,2,0,0,1,122,226,satisfied
41,1068,2,0,4,1,1,2,5,5,2,1,2,1,1,1,293,106,satisfied
64,4585,2,2,3,1,1,1,5,1,1,4,3,0,5,0,204,205,satisfied
42,281,5,4,3,2,1,5,4,3,1,1,4,2,4,4,78,141,satisfied
35,2383,1,1,3,3,4,3,5,2,5,0,5,1,2,4,283,66,neutral or dissatisfied
55,4389,4,1,0,0,1,4,2,4,5,0,5,5,5,3,275,214,neutral or dissatisfied
43,3234,3,5,5,4,4,5,2,2,0,4,1,4,2,5,277,172,satisfied
31,2480,1,0,5,5,3,2,3,4,3,3,3,2,3,4,6,181,satisfied
26,220,5,1,1,2,0,2,2,4,4,1,4,0,4,4,99,249,neutral or dissatisfied
27,625,1,4,5,3,4,4,4,4,1,2,4,0,1,2,245,145,neutral or dissatisfied
38,322,2,0,3,5,1,3,5,1,0,5,4,4,4,3,294,61,satisfied
69,3776,3,3,1,0,4,3,1,5,5,1,4,2,1,0,19,185,neutral or dissatisfied
34,4432,4,3,1,3,2,0,3,4,1,4,5,5,5,0,260,174,neutral or dissatisfied
69,2253,4,3,0,0,3,5,4,3,0,1,0,1,3,4,208,88,neutral or dissatisfied
23,3385,1,4,3,1,1,2,5,0,0,3,0,2,1,0,209,19,neutral or dissatisfied
33,3690,3,2,1,2,2,0,0,4,2,1,3,4,5,0,166,0,neutral or dissatisfied
65,4808,1,1,3,0,2,5,4,5,0,1,1,1,4,4,77,231,neutral or dissatisfied
18,3732,5,4,3,2,4,1,2,1,5,1,1,1,5,5,235,235,neutral or dissatisfied
36,1676,1,2,5,2,2,0,1,2,0,2,5,3,3,4,165,120,neutral or dissatisfied
53,1022,4,0,2,5,1,0,4,4,3,5,3,0,5,0,281,93,neutral or dissatisfied
42,3657,4,4,4,3,5,5,3,0,4,3,1,1,1,2,13,137,neutral or dissatisfied
67,3209,1,0,3,4,2,5,4,1,2,4,3,1,1,3,293,139,satisfied
69,4291,4,2,5,3,2,4,3,1,4,5,1,3,0,5,298,212,satisfied
47,2644,5,4,0,5,4,0,3,2,1,3,5,3,1,2,232,65,neutral or dissatisfied
37,162,4,1,5,3,1,5,4,4,2,1,2,1,0,4,260,267,neutral or dissatisfied
37,2542,2,2,4,4,5,1,3,5,2,4,0,4,4,3,90,5,neutral or dissatisfied
32,2544,2,1,0,5,0,0,1,3,0,3,3,5,5,2,241,141,satisfied
57,2123,0,0,0,4,3,3,2,4,3,3,4,5,1,1,42,3,satisfied
50,250,5,1,0,3,0,0,0,1,0,2,5,3,5,2,211,224,neutral or dissatisfied
19,503,0,4,2,2,0,5,4,4,5,2,1,2,0,5,176,96,neutral or dissatisfied
27,2537,1,4,4,1,1,5,3,3,3,3,3,4,3,5,36,260,satisfied
75,2952,1,3,0,4,1,4,2,3,5,5,2,2,2,5,222,118,satisfied
50,4791,1,5,5,1,2,4,3,1,2,4,2,2,4,5,58,43,satisfied
49,227,1,1,5,2,3,4,2,0,2,1,0,4,3,0,22,21,satisfied
28,1608,4,3,2,4,4,0,4,5,3,1,5,1,5,0,65,296,satisfied
70,1897,0,2,4,0,1,1,3,1,0,2,3,0,3,0,116,22,satisfied
41,2608,1,0,5,0,1,2,5,5,0,1,3,5,5,4,144,206,neutral or dissatisfied
53,3925,2,2,0,3,2,4,0,3,2,4,1,2,4,0,224,203,satisfied
29,1207,4,5,0,1,3,0,0,3,0,0,4,4,3,3,208,183,satisfied
68,4080,0,0,3,0,5,2,4,4,2,2,2,2,5,2,138,15,neutral or dissatisfied
73,2122,5,5,4,3,4,5,5,5,2,1,4,0,3,2,21,194,neutral or dissatisfied
46,1259,4,1,5,3,3,5,5,5,5,3,2,3,0,4,228,82,neutral or dissatisfied
52,3352,3,4,1,3,3,3,3,2,1,0,1,3,2,3,240,222,neutral or dissatisfied
18,692,1,1,0,5,2,3,4,3,3,4,0,5,3,3,60,215,neutral or dissatisfied
18,1124,2,0,0,2,5,4,2,0,3,4,3,5,2,3,214,281,satisfied
54,3899,5,3,0,1,0,4,5,5,1,5,2,3,0,1,17,246,satisfied
71,3815,0,0,3,4,1,3,4,1,1,2,2,5,4,0,77,138,neutral or dissatisfied
23,4769,4,3,5,3,0,4,0,3,4,0,3,2,2,1,247,87,satisfied
56,2471,0,2,3,4,0,5,1,4,2,5,0,2,0,2,234,68,satisfied
58,3316,3,4,3,0,0,3,3,4,5,5,2,4,0,4,68,52,neutral or dissatisfied
70,2004,2,2,4,2,2,0,5,2,4,5,4,1,0,3,88,272,neutral or dissatisfied
35,1581,5,1,2,5,4,2,1,1,2,1,1,0,2,0,42,288,satisfied
33,216,4,5,4,4,5,0,0,3,3,2,0,3,1,1,74,199,satisfied
22,841,5,3,2,3,3,3,1,2,4,0,4,1,3,5,257,287,satisfied
59,924,3,3,1,2,0,0,5,0,2,4,2,0,5,1,278,254,neutral or dissatisfied
60,2009,2,2,4,3,4,3,2,3,5,3,0,3,0,0,137,186,satisfied
76,3693,1,4,5,2,2,0,1,2,3,4,3,3,4,5,220,243,satisfied
49,4688,0,4,5,4,4,2,4,5,3,3,5,5,1,5,251,25,neutral or dissatisfied
74,2227,3,2,5,4,5,3,0,5,1,2,0,5,1,2,233,87,neutral or dissatisfied
19,842,5,4,5,0,2,4,3,5,1,5,5,1,0,5,250,6,neutral or dissatisfied
19,517,5,1,0,5,3,4,0,0,4,0,2,5,4,0,103,30,neutral or dissatisfied
57,2024,0,5,1,1,1,4,5,4,0,2,1,0,3,2,90,139,neutral or dissatisfied
59,3060,0,0,0,5,1,3,4,1,0,2,4,4,0,3,264,113,neutral or dissatisfied
75,2376,3,3,2,3,3,4,0,1,3,1,3,5,5,3,57,23,neutral or dissatisfied
53,1963,3,5,3,3,5,1,1,0,2,4,0,3,2,2,44,71,satisfied
56,2514,4,3,2,0,2,2,1,3,4,4,1,1,5,2,85,238,satisfied
73,107,2,3,4,5,1,5,2,1,4,3,1,1,2,5,145,123,neutral or dissatisfied
29,890,5,0,5,2,5,5,4,1,4,5,4,5,3,3,133,262,satisfied
64,1990,1,1,1,5,5,1,4,0,2,0,0,4,4,4,293,67,neutral or dissatisfied
36,2306,2,2,5,2,0,3,3,0,3,2,0,4,2,3,155,220,satisfied
45,1882,5,4,1,4,5,3,3,5,2,3,4,1,5,2,61,165,neutral or dissatisfied
18,1716,5,4,1,4,2,2,3,4,4,1,1,1,1,5,188,101,neutral or dissatisfied
32,1279,1,0,2,3,1,5,5,0,2,1,0,5,4,4,184,71,neutral or dissatisfied
53,4691,1,3,4,1,1,0,4,0,3,1,3,2,2,3,204,200,neutral or dissatisfied
71,726,4,4,3,3,0,2,2,2,0,4,5,0,1,1,75,241,neutral or dissatisfied
30,4171,2,2,1,5,3,1,3,3,4,1,2,4,5,0,155,260,neutral or dissatisfied
75,898,3,4,3,2,1,1,1,2,0,5,0,4,4,1,116,197,satisfied
60,2238,0,3,1,1,5,1,3,0,1,0,3,4,0,0,209,147,neutral or dissatisfied
38,2714,5,5,1,1,0,5,3,4,0,2,1,1,2,5,210,288,satisfied
29,1973,4,2,2,0,4,1,4,3,5,1,4,5,4,1,207,41,neutral or dissatisfied
22,4820,4,3,0,4,3,0,0,2,1,2,3,3,4,4,260,240,neutral or dissatisfied
24,4617,4,3,1,1,2,3,0,2,5,3,3,0,3,3,16,198,satisfied
22,537,3,0,0,5,3,3,1,3,2,4,0,5,0,2,72,250,satisfied
65,3185,5,3,2,3,1,2,5,5,1,5,4,1,4,4,139,30,neutral or dissatisfied
70,4983,0,2,1,2,1,3,3,0,0,1,4,0,1,1,42,124,neutral or dissatisfied
21,3436,1,0,5,4,0,3,1,3,3,0,3,5,4,0,268,117,neutral or dissatisfied
30,1845,5,0,4,5,1,3,5,2,3,1,3,1,5,4,125,193,satisfied
54,2528,3,2,1,3,3,0,1,1,0,5,1,4,4,4,292,234,neutral or dissatisfied
70,200,2,0,1,2,5,0,3,3,0,1,5,3,4,1,22,65,satisfied
58,1509,2,2,4,3,0,3,1,4,5,3,5,2,4,1,124,18,satisfied
32,865,3,4,4,3,4,1,1,2,1,0,0,1,4,3,171,185,neutral or dissatisfied
33,4426,4,0,1,4,4,3,2,5,0,1,4,1,1,2,124,205,satisfied
38,4700,3,4,3,2,5,5,1,2,0,0,2,4,2,1,127,23,neutral or dissatisfied
53,2810,5,0,2,3,5,2,0,1,5,5,3,2,2,2,123,63,satisfied
76,3202,0,3,5,1,4,5,5,1,5,4,5,4,2,5,215,16,neutral or dissatisfied
41,1896,5,5,3,5,0,4,5,1,0,0,2,1,1,4,180,7,satisfied
33,4856,1,2,5,5,3,2,2,1,5,3,5,4,0,5,55,290,neutral or dissatisfied
31,2734,1,3,1,4,0,4,4,0,0,0,3,5,0,5,143,162,neutral or dissatisfied
71,223,1,4,5,0,5,0,3,5,4,0,5,0,4,3,58,260,neutral or dissatisfied
39,2889,5,2,0,1,2,0,4,3,4,5,5,0,1,4,253,92,neutral or dissatisfied
66,1729,1,2,4,2,0,3,3,4,5,4,4,0,3,5,189,189,satisfied
67,4877,4,5,5,5,1,4,2,4,3,5,0,2,5,4,139,40,neutral or dissatisfied
23,2336,5,4,5,1,4,0,4,2,1,5,2,5,5,4,106,80,satisfied
59,1333,5,2,4,3,0,0,0,0,3,4,1,0,4,4,143,122,satisfied
53,4887,2,2,0,0,2,3,1,2,3,2,4,3,3,3,93,20,neutral or dissatisfied
18,1420,2,0,2,4,1,0,3,4,1,0,2,2,4,0,16,73,satisfied
49,2638,3,1,5,5,3,4,4,3,5,1,3,4,0,5,29,37,neutral or dissatisfied
23,1602,1,3,2,0,0,2,3,0,1,4,5,4,3,0,93,291,neutral or dissatisfied
48,2689,2,1,1,5,4,0,5,0,3,4,0,5,4,2,61,253,satisfied
18,3849,0,2,1,1,1,1,1,4,0,3,3,3,0,2,247,293,satisfied
67,4578,3,5,4,0,0,5,2,2,0,5,0,0,2,0,295,178,neutral or dissatisfied
68,2364,4,5,0,2,1,0,2,3,5,0,3,4,2,2,258,37,neutral or dissatisfied
54,608,2,1,0,5,1,5,0,0,5,0,2,4,3,2,176,111,neutral or dissatisfied
52,3237,1,5,3,3,1,2,0,2,2,0,1,4,3,1,254,178,neutral or dissatisfied
66,3372,4,5,2,3,2,3,2,0,2,3,3,2,3,1,275,230,satisfied
47,1508,0,0,5,2,0,5,3,5,2,1,2,4,1,0,199,176,satisfied
21,1211,0,4,2,3,5,3,5,2,5,1,5,3,3,4,74,53,neutral or dissatisfied
52,3977,0,4,1,4,1,2,3,1,3,1,2,5,5,3,120,291,satisfied
60,2595,4,1,1,3,0,3,3,2,1,2,3,2,4,1,236,49,satisfied
31,2558,5,0,2,3,1,0,3,4,4,3,1,2,5,0,22,270,satisfied
66,4925,2,5,3,5,4,4,1,3,1,3,5,4,2,5,234,40,satisfied
57,1627,2,5,1,1,0,0,2,0,4,5,0,5,0,0,238,133,satisfied
39,2611,5,4,1,0,0,4,4,2,5,2,2,1,4,3,127,92,satisfied
27,1225,5,1,5,3,4,1,2,4,1,5,2,3,1,0,73,90,satisfied
18,1421,1,1,3,1,0,2,0,3,5,0,2,3,2,3,33,65,neutral or dissatisfied
28,2037,5,3,5,2,1,2,5,5,1,5,2,3,0,1,218,230,neutral or dissatisfied
68,4052,4,0,5,5,2,0,3,2,4,1,3,2,2,3,136,117,neutral or dissatisfied
61,3215,2,3,4,4,0,3,5,2,0,4,0,2,0,2,157,212,neutral or dissatisfied
76,1234,5,1,2,2,4,2,5,0,2,1,3,2,4,4,177,266,neutral or dissatisfied
41,3625,3,3,0,4,2,4,2,1,3,5,1,2,3,5,245,69,neutral or dissatisfied
77,4570,1,5,0,1,0,3,3,0,3,3,5,2,5,1,182,62,neutral or dissatisfied
20,3063,2,3,0,2,5,4,5,1,5,2,0,1,3,1,146,102,satisfied
75,3537,3,1,0,1,1,2,3,3,0,5,5,3,5,1,258,65,satisfied
52,2267,1,4,0,4,5,4,1,0,0,2,5,3,4,4,138,112,neutral or dissatisfied
53,4478,0,2,4,3,3,1,1,4,3,3,4,4,3,4,217,187,satisfied
48,660,0,4,2,1,5,4,3,4,4,5,1,3,4,3,156,106,satisfied
77,3371,3,5,1,0,3,0,2,5,3,5,5,5,0,3,53,260,satisfied
21,4435,0,0,0,3,2,1,5,4,5,3,5,5,4,2,231,35,neutral or dissatisfied
36,2842,3,4,3,3,4,0,4,4,1,2,3,5,5,3,85,48,neutral or dissatisfied
64,4804,1,5,0,0,0,4,1,1,4,3,5,1,1,3,86,79,satisfied
53,4552,2,1,4,2,3,3,4,2,0,1,2,2,2,2,61,169,satisfied
38,1974,1,3,2,0,5,0,4,3,3,2,5,1,0,2,210,195,neutral or dissatisfied
35,1529,3,0,3,5,3,3,3,5,0,5,3,5,3,3,128,83,neutral or dissatisfied
68,2662,4,0,0,3,0,1,1,4,5,2,3,2,4,2,187,73,satisfied
45,3436,4,0,4,2,0,4,3,3,4,4,3,4,0,1,9,81,neutral or dissatisfied
32,2409,5,3,0,2,4,3,1,0,1,1,1,2,5,0,291,21,satisfied
59,3466,5,5,0,4,0,0,0,1,5,5,4,0,2,0,92,177,satisfied
76,712,5,4,3,0,3,2,2,1,5,1,2,0,1,4,0,84,neutral or dissatisfied
19,4645,3,3,4,3,0,1,5,1,1,0,5,2,3,4,211,190,neutral or dissatisfied
54,1753,0,5,2,1,1,1,0,2,0,4,2,0,0,1,290,19,neutral or dissatisfied
28,671,3,2,4,4,3,3,5,2,4,3,3,5,3,5,88,102,satisfied
40,3848,5,0,2,5,2,1,2,1,1,2,3,3,5,1,109,19,neutral or dissatisfied
61,1001,2,1,2,5,4,4,2,2,5,4,3,3,0,2,261,33,satisfied
58,2409,1,3,2,1,3,1,2,3,1,0,3,1,1,2,169,111,satisfied
29,3847,3,0,2,2,0,5,1,3,1,0,1,3,0,5,72,127,neutral or dissatisfied
20,1389,5,3,4,3,4,4,1,3,4,1,1,4,2,3,194,148,neutral or dissatisfied
69,4187,2,5,3,5,4,1,2,3,1,2,5,4,5,4,119,109,neutral or dissatisfied
34,3196,4,3,2,5,5,5,0,5,4,0,5,5,3,3,242,135,neutral or dissatisfied
50,1730,3,4,1,3,2,5,4,0,0,3,0,1,4,0,216,290,neutral or dissatisfied
72,3558,0,3,2,0,5,5,5,0,4,1,0,0,0,0,233,141,neutral or dissatisfied
18,4071,5,5,1,3,1,4,2,1,0,4,5,4,0,2,154,111,neutral or dissatisfied
56,3761,3,1,0,3,1,5,4,5,0,5,1,3,2,4,82,111,satisfied
37,1391,5,2,2,0,0,0,5,4,1,2,3,3,0,1,37,151,neutral or dissatisfied
64,497,4,2,1,0,1,0,0,5,0,1,2,2,2,4,42,91,neutral or dissatisfied
60,2632,5,3,2,3,4,1,4,5,0,4,1,1,5,1,254,291,satisfied
69,2229,5,3,4,3,5,1,1,2,2,5,1,0,0,3,207,70,neutral or dissatisfied
74,1278,2,3,3,4,0,5,0,2,5,0,0,5,4,1,145,114,neutral or dissatisfied
78,4138,3,2,0,1,1,1,1,5,5,0,4,2,0,5,143,216,satisfied
58,1811,3,5,3,4,0,4,4,1,2,5,2,5,2,2,241,213,satisfied
31,4088,5,5,3,4,4,5,3,2,2,1,2,5,2,4,128,68,neutral or dissatisfied
48,2589,0,3,4,2,5,2,0,3,3,0,5,3,5,1,105,204,neutral or dissatisfied
42,1269,3,5,5,3,4,1,5,2,4,1,4,1,5,5,214,299,satisfied
79,4809,1,4,1,4,3,5,3,5,4,3,0,1,4,5,163,47,satisfied
20,4157,3,3,0,3,1,1,2,1,2,0,2,4,4,3,125,158,neutral or dissatisfied
21,3416,2,1,3,4,1,5,3,2,1,2,0,3,4,1,32,75,neutral or dissatisfied
48,283,1,1,2,2,2,3,1,1,2,0,5,5,0,3,288,150,neutral or dissatisfied
52,3368,0,2,5,3,1,1,1,2,4,2,0,3,3,1,205,131,satisfied
61,4307,2,1,1,1,0,2,4,3,2,5,3,2,4,0,149,150,neutral or dissatisfied
31,2927,0,2,0,2,0,5,4,4,5,1,5,3,5,2,150,66,neutral or dissatisfied
66,4166,3,5,3,0,5,0,2,0,1,2,4,3,3,5,10,37,neutral or dissatisfied
58,2386,3,1,5,1,4,5,1,5,4,0,4,0,4,4,21,146,satisfied
26,2449,3,2,3,5,0,3,0,0,0,4,3,1,4,2,129,184,satisfied
37,2922,4,0,1,5,2,3,5,3,1,1,0,0,1,4,227,187,neutral or dissatisfied
49,4028,4,1,2,4,4,3,5,2,5,2,0,5,1,1,3,39,satisfied
26,2641,4,5,3,3,4,0,2,1,3,0,2,3,4,2,118,82,neutral or dissatisfied
44,2698,1,3,4,3,4,4,3,5,2,0,4,5,1,0,213,187,satisfied
20,4247,4,2,4,1,5,5,0,5,4,3,5,2,5,1,271,163,satisfied
74,1140,5,2,5,0,1,4,2,2,1,3,2,4,1,0,24,70,satisfied
70,3902,5,4,1,3,0,0,3,3,3,4,2,0,2,1,236,87,satisfied
21,4967,3,0,0,5,1,3,0,1,4,5,5,5,5,3,191,91,satisfied
62,1982,3,0,1,0,3,2,4,4,4,1,4,0,1,4,33,146,satisfied
79,4626,0,5,5,0,4,0,1,1,2,3,2,2,3,4,135,144,satisfied
32,4966,2,5,1,2,3,3,3,0,1,4,4,3,4,5,155,48,satisfied
50,745,2,3,0,1,1,3,1,2,0,2,0,4,4,0,90,233,neutral or dissatisfied
22,4139,1,2,0,1,0,1,3,4,4,1,5,0,3,0,213,180,satisfied
21,1543,2,0,0,1,4,0,1,5,1,1,0,2,0,0,53,270,neutral or dissatisfied
63,2839,1,0,2,5,3,4,5,4,3,5,1,0,4,3,51,27,satisfied
29,3530,0,4,3,4,5,5,3,1,0,5,2,3,0,1,89,13,satisfied
78,861,3,5,1,1,3,3,1,0,4,5,2,3,1,2,219,118,neutral or dissatisfied
40,1047,3,3,4,3,4,4,5,0,2,3,4,5,1,0,265,178,neutral or dissatisfied
31,4097,1,5,0,3,2,4,4,0,2,1,2,0,4,0,57,236,satisfied
75,4891,4,3,0,1,4,1,1,4,5,5,1,4,5,5,182,282,neutral or dissatisfied
63,725,0,0,0,3,5,1,5,1,0,4,3,5,0,3,176,250,neutral or dissatisfied
29,495,5,1,3,2,5,0,3,4,4,1,3,3,2,5,176,211,satisfied
74,2599,3,4,4,4,3,5,5,0,4,0,0,1,5,2,171,218,neutral or dissatisfied
34,4062,3,1,5,5,1,0,5,0,3,4,1,4,4,4,186,145,satisfied
42,3483,0,4,5,4,1,3,1,1,3,5,0,3,4,5,272,85,neutral or dissatisfied
47,2655,5,1,1,0,3,2,1,0,2,4,5,4,1,0,101,102,satisfied
39,4700,5,3,3,0,1,3,2,4,2,1,4,1,3,4,172,199,neutral or dissatisfied
64,3289,1,5,2,5,1,4,3,1,4,1,3,5,3,0,266,219,neutral or dissatisfied
43,4157,4,5,5,4,2,0,5,4,1,5,5,0,0,1,167,72,neutral or dissatisfied
34,3408,1,5,5,1,3,0,1,3,5,3,5,1,5,0,45,46,neutral or dissatisfied
78,4199,0,2,4,1,0,5,3,3,3,5,4,4,2,0,93,86,satisfied
75,265,2,3,4,2,2,0,2,4,0,0,1,5,5,5,123,269,satisfied
72,1515,1,0,2,5,3,5,3,2,0,3,0,5,1,0,133,109,satisfied
71,1921,2,1,1,5,1,5,3,0,0,1,0,2,2,3,130,175,neutral or dissatisfied
79,1202,0,5,4,4,1,0,3,3,2,0,5,5,2,3,18,286,satisfied
37,3951,5,0,0,5,0,2,0,4,1,2,2,5,3,0,102,25,neutral or dissatisfied
51,3117,2,3,1,3,1,3,1,1,0,3,1,2,0,3,95,237,satisfied
58,623,3,5,5,3,0,0,0,4,2,1,1,4,3,3,48,123,neutral or dissatisfied
50,2783,2,1,5,0,1,2,1,3,3,4,0,5,2,2,136,77,satisfied
54,203,4,4,3,5,4,1,1,0,3,5,4,2,1,0,19,39,satisfied
77,799,4,2,2,4,4,2,2,4,1,4,2,3,0,3,250,94,satisfied
77,3865,0,5,0,0,1,0,0,3,5,1,0,4,4,4,87,173,neutral or dissatisfied
75,548,4,3,0,2,0,0,0,4,2,2,5,3,2,4,133,291,neutral or dissatisfied
24,3900,5,3,0,5,0,2,4,4,5,2,3,4,2,2,190,46,satisfied
39,3567,5,2,3,0,2,0,2,3,4,0,2,1,2,5,284,131,neutral or dissatisfied
49,2624,2,3,0,2,4,0,5,2,3,4,2,4,0,1,289,173,neutral or dissatisfied
31,2997,3,1,4,4,5,2,1,1,2,2,5,4,2,4,193,265,satisfied
25,4635,0,1,0,2,5,3,1,1,1,3,0,0,2,2,58,23,satisfied
74,3187,1,3,1,0,2,4,4,1,3,5,3,2,2,5,67,200,neutral or dissatisfied
42,231,3,1,4,5,0,3,1,5,2,2,2,2,2,3,206,45,neutral or dissatisfied
33,2620,1,3,0,4,1,2,0,3,5,3,4,1,4,1,134,111,satisfied
59,313,0,5,5,0,4,0,5,2,4,4,0,1,0,1,245,16,neutral or dissatisfied
36,3456,1,3,3,3,3,3,4,5,4,3,4,1,5,1,155,37,neutral or dissatisfied
58,3998,3,4,0,5,1,2,4,0,1,1,4,0,3,5,146,45,neutral or dissatisfied
72,3897,4,2,3,1,0,2,1,5,3,5,5,1,5,4,93,249,satisfied
33,1714,0,1,4,2,5,5,1,5,1,3,0,4,1,1,177,236,satisfied
29,3027,4,2,4,2,4,5,4,0,4,5,4,5,0,0,75,263,satisfied
56,933,4,5,4,5,5,5,5,0,1,1,1,2,3,3,173,73,neutral or dissatisfied
65,1391,4,4,4,1,0,1,0,2,3,2,3,3,3,3,255,283,satisfied
47,1405,3,0,3,5,5,0,1,0,3,1,3,4,3,5,11,263,satisfied
75,1483,5,3,1,2,5,1,1,3,2,4,4,4,3,1,22,252,neutral or dissatisfied
19,958,2,1,3,2,0,4,4,4,2,5,3,0,1,1,154,31,neutral or dissatisfied
49,4945,4,0,3,5,3,2,2,0,5,4,2,0,3,1,163,227,satisfied
72,3170,2,0,0,3,0,2,5,4,0,3,2,0,4,3,86,190,satisfied
62,756,0,1,0,5,5,5,0,2,2,4,5,2,1,1,88,230,neutral or dissatisfied
42,3429,1,5,3,4,0,0,1,5,5,0,3,5,5,1,77,73,neutral or dissatisfied
79,2676,4,0,2,5,0,1,5,1,0,3,1,5,5,3,270,174,satisfied
42,2693,5,5,1,2,3,1,1,4,2,0,1,1,2,2,283,167,satisfied
21,3205,2,5,4,3,2,0,2,4,3,5,0,5,2,3,71,251,neutral or dissatisfied
36,1610,0,3,4,5,0,1,1,0,3,4,5,2,1,2,152,30,neutral or dissatisfied
65,908,3,5,4,2,0,5,3,4,1,5,0,2,3,4,122,29,satisfied
21,2476,5,5,0,5,1,0,5,0,3,2,2,2,1,4,125,161,neutral or dissatisfied
60,2353,5,3,0,4,4,1,4,1,3,2,5,2,0,2,115,78,satisfied
30,1230,0,5,1,3,4,0,1,4,0,5,3,3,5,3,293,101,satisfied
56,695,3,3,5,2,4,5,5,1,1,5,4,1,3,0,52,272,neutral or dissatisfied
53,4950,1,4,1,3,5,4,3,1,3,4,0,2,4,3,1,233,satisfied
40,1540,1,0,3,5,4,5,1,0,3,2,3,5,1,3,171,126,neutral or dissatisfied
79,424,5,3,0,5,4,0,4,5,4,2,1,2,5,2,131,75,satisfied
23,762,2,4,4,1,1,0,3,5,3,5,3,2,5,5,31,218,satisfied
41,179,3,3,3,2,3,1,3,1,4,4,1,2,4,0,20,28,satisfied
61,183,3,3,2,0,4,1,4,4,2,4,0,5,0,0,16,134,neutral or dissatisfied
50,2967,5,1,2,4,1,5,2,4,2,0,2,1,4,4,70,209,neutral or dissatisfied
29,3568,1,3,5,5,1,5,2,0,3,1,5,5,0,0,9,220,neutral or dissatisfied
58,2833,5,3,1,2,0,0,4,1,1,0,5,5,1,2,294,168,satisfied
38,1741,5,3,0,5,4,0,1,1,3,3,1,3,0,2,286,291,satisfied
28,948,0,3,0,2,5,1,0,1,2,5,3,5,2,0,152,92,neutral or dissatisfied
72,3242,0,3,2,0,1,2,1,5,4,3,0,4,0,0,169,51,satisfied
61,3906,2,2,1,3,1,5,3,1,4,2,4,4,1,3,50,178,neutral or dissatisfied
55,1831,1,2,1,4,1,3,0,3,5,5,0,1,0,2,72,178,satisfied
79,1460,1,4,0,0,1,4,3,0,2,3,0,0,4,1,295,85,neutral or dissatisfied
46,1253,4,5,5,4,2,0,3,2,3,5,2,0,4,3,122,238,neutral or dissatisfied
65,1942,5,4,0,2,1,1,4,2,2,2,2,0,0,2,193,5,satisfied
58,463,2,4,2,4,3,5,5,3,2,5,1,3,2,2,115,298,neutral or dissatisfied
20,4662,1,2,5,3,3,3,2,1,4,4,1,3,4,4,219,132,neutral or dissatisfied
45,2486,4,5,4,1,5,5,2,4,4,5,1,0,4,5,232,170,satisfied
37,797,3,4,1,4,4,0,2,1,2,5,4,0,2,3,37,249,neutral or dissatisfied
43,3578,5,1,0,1,4,1,2,5,4,1,2,5,3,2,161,280,neutral or dissatisfied
41,1011,4,0,5,3,5,1,0,1,3,4,5,2,3,3,32,263,satisfied
71,3712,1,1,5,0,4,2,2,2,3,4,3,2,5,2,132,153,neutral or dissatisfied
69,3499,0,0,1,5,1,0,4,3,0,4,2,0,3,2,285,78,neutral or dissatisfied
64,4509,2,5,5,4,4,5,1,0,2,2,3,3,2,1,129,44,neutral or dissatisfied
38,2974,3,0,4,4,4,5,3,5,1,2,4,3,2,4,190,145,satisfied
71,2364,5,3,2,4,3,3,1,5,5,1,4,0,4,3,53,157,neutral or dissatisfied
47,2417,0,4,4,4,5,4,0,1,3,4,3,1,2,2,10,54,satisfied
21,178,2,0,2,1,4,2,4,0,5,1,3,2,2,3,198,227,satisfied
53,3472,3,3,1,3,0,4,3,0,4,5,1,1,1,3,90,60,neutral or dissatisfied
57,3263,3,1,3,1,1,0,0,3,2,2,4,3,4,0,41,255,satisfied
27,2145,5,3,1,2,1,3,5,4,1,4,5,1,0,3,286,150,neutral or dissatisfied
27,1723,5,0,3,2,1,3,4,1,1,1,2,4,5,0,116,178,satisfied
59,1713,1,3,5,0,0,3,3,2,1,5,3,4,2,3,204,130,neutral or dissatisfied
41,610,4,3,1,0,2,1,2,2,1,3,1,3,3,3,133,107,satisfied
21,4306,5,1,5,4,5,3,3,5,3,4,1,5,3,0,23,18,satisfied
64,4736,0,1,4,2,2,1,0,5,0,3,4,3,5,4,224,2,satisfied
44,2197,5,5,2,1,3,5,0,2,4,3,1,1,2,3,69,257,satisfied
68,2491,4,0,1,3,2,3,5,0,3,0,1,0,2,2,226,58,satisfied
62,1598,1,5,5,2,0,4,3,4,0,4,0,3,5,4,152,192,satisfied
21,1876,1,5,0,2,3,4,4,4,3,5,3,2,0,1,281,271,satisfied
49,1318,0,3,2,1,1,3,4,3,4,1,0,5,0,3,133,270,satisfied
27,2421,3,2,4,2,4,3,2,0,3,1,2,0,3,1,299,234,satisfied
28,1444,2,3,1,5,5,1,0,5,4,1,0,4,3,4,148,266,satisfied
45,336,3,0,5,1,1,1,2,4,2,3,2,0,0,2,229,236,neutral or dissatisfied
63,4858,4,2,2,5,4,1,2,2,3,4,2,1,5,3,12,234,neutral or dissatisfied
25,2227,5,5,0,1,4,0,4,2,2,0,4,3,5,0,293,266,satisfied
57,1286,0,3,2,1,1,1,5,2,3,2,0,2,3,1,208,182,neutral or dissatisfied
79,3852,1,1,1,1,5,1,2,4,2,0,4,1,5,0,174,118,neutral or dissatisfied
39,3162,5,0,0,2,5,0,1,2,5,5,5,3,1,4,106,238,neutral or dissatisfied
51,473,3,3,1,2,0,3,2,4,2,5,1,5,5,3,228,203,neutral or dissatisfied
62,3332,0,1,3,3,1,2,2,4,2,1,4,5,0,3,226,288,satisfied
52,2574,2,0,2,0,0,0,5,1,1,0,0,0,2,5,64,75,satisfied
52,1507,5,2,5,5,2,1,0,2,0,5,4,4,1,1,178,44,neutral or dissatisfied
42,711,1,2,0,3,2,0,3,4,0,3,3,3,2,1,89,200,neutral or dissatisfied
51,4095,3,0,1,5,1,4,2,4,5,1,3,3,5,2,46,291,satisfied
23,2452,1,5,3,1,0,4,2,2,2,5,5,4,3,4,133,77,satisfied
58,1774,4,1,1,4,5,3,3,2,5,0,3,1,2,1,28,156,neutral or dissatisfied
54,1397,2,2,1,3,1,1,0,2,1,5,1,3,3,0,204,217,neutral or dissatisfied
18,4667,5,5,2,4,5,4,5,3,1,5,0,0,4,5,176,191,satisfied
29,2433,2,0,2,4,0,0,5,2,4,0,0,2,3,5,230,27,satisfied
52,4810,2,3,3,5,0,1,5,1,1,2,3,3,3,0,211,210,satisfied
23,1759,4,0,5,5,1,3,0,0,2,5,3,2,2,3,41,22,satisfied
71,4646,3,0,2,2,5,1,5,4,4,5,4,4,3,4,168,138,neutral or dissatisfied
34,3649,5,0,0,1,0,1,1,2,0,1,1,3,5,5,255,57,satisfied
26,2795,3,1,5,0,5,0,4,3,0,2,1,3,4,2,25,151,neutral or dissatisfied
79,2733,3,4,3,5,0,5,0,4,3,1,4,2,3,5,86,107,neutral or dissatisfied
19,3643,3,5,2,0,3,1,0,4,2,2,3,4,5,2,299,286,neutral or dissatisfied
35,4597,3,3,5,0,3,0,1,1,5,0,0,0,3,2,38,46,satisfied
66,343,0,1,4,0,5,0,3,5,3,3,5,3,5,1,245,131,satisfied
53,2681,4,0,0,0,4,1,5,3,0,2,5,0,0,4,25,262,satisfied
74,3315,2,3,1,4,0,5,0,4,1,1,4,1,1,5,56,228,satisfied
45,2900,3,1,0,4,5,3,0,1,4,4,1,3,0,4,257,208,neutral or dissatisfied
58,1781,3,2,0,4,5,5,2,3,5,4,3,2,4,0,194,80,neutral or dissatisfied
70,3147,2,3,5,1,4,3,4,5,3,2,2,4,1,2,138,35,neutral or dissatisfied
54,897,2,5,0,3,2,2,3,5,2,0,4,0,4,0,237,252,neutral or dissatisfied
66,2603,0,4,4,5,5,4,2,3,0,5,3,1,3,5,182,210,neutral or dissatisfied
43,4660,4,4,0,2,0,1,4,2,0,5,5,3,1,1,299,298,neutral or dissatisfied
21,2374,1,3,4,4,2,1,3,3,5,2,0,1,2,3,269,103,neutral or dissatisfied
57,3816,5,3,4,1,5,0,5,1,4,3,2,0,5,2,237,255,satisfied
78,545,0,5,2,1,3,3,4,3,0,1,2,2,3,0,1,111,neutral or dissatisfied
53,1224,1,0,4,5,2,5,3,3,5,4,0,2,1,4,255,90,neutral or dissatisfied
68,4228,0,0,4,2,2,5,0,5,3,1,5,3,4,0,252,214,satisfied
48,3253,4,5,5,0,1,1,3,3,5,1,0,0,0,1,293,126,neutral or dissatisfied
47,1755,4,0,5,1,0,3,5,5,0,2,0,3,5,2,228,100,neutral or dissatisfied
67,2522,1,3,3,3,0,5,1,5,0,0,5,4,2,5,121,172,satisfied
51,1881,3,4,4,3,4,2,5,2,4,1,4,1,5,3,296,269,satisfied
36,1407,5,2,5,3,2,5,5,4,1,0,4,3,1,1,239,190,satisfied
35,1731,3,4,0,1,5,1,2,3,5,3,3,1,4,4,154,155,neutral or dissatisfied
47,2156,3,0,1,1,5,0,1,0,2,5,2,4,2,1,235,213,neutral or dissatisfied
38,3484,1,1,4,5,3,3,5,5,5,3,2,3,5,0,217,29,satisfied
79,2115,3,4,4,1,3,4,4,5,2,5,5,5,5,1,89,237,neutral or dissatisfied
20,286,2,0,2,1,5,3,5,4,3,5,2,0,3,2,57,177,satisfied
23,4066,2,5,5,3,2,3,4,0,5,0,5,2,3,5,190,298,satisfied
55,4149,4,3,2,5,1,5,1,5,2,2,1,0,2,0,134,225,neutral or dissatisfied
30,2259,1,5,0,2,5,4,3,3,4,2,1,4,1,0,58,228,satisfied
62,4140,3,2,3,2,2,3,2,2,4,2,0,3,5,2,46,97,satisfied
71,4443,2,1,5,1,2,2,5,1,0,4,2,1,5,0,205,202,neutral or dissatisfied
79,1104,3,4,4,3,3,5,0,5,5,3,3,4,0,0,215,247,neutral or dissatisfied
20,3056,5,0,1,5,2,1,2,5,0,3,3,3,3,3,236,157,neutral or dissatisfied
65,3896,0,4,4,2,4,1,2,5,3,5,3,2,3,4,27,130,neutral or dissatisfied
45,4943,3,2,5,3,3,1,3,4,5,1,1,2,4,1,153,252,satisfied
39,4271,4,1,3,1,5,5,5,3,1,0,1,5,0,5,225,280,neutral or dissatisfied
57,3393,0,4,5,1,3,3,4,0,0,4,4,4,0,3,183,137,neutral or dissatisfied
57,1164,1,2,3,4,1,4,3,3,4,5,2,1,0,4,287,226,satisfied
29,312,3,1,5,1,2,3,3,1,0,4,2,1,0,3,121,160,satisfied
40,1233,3,4,1,3,3,1,0,3,3,1,2,0,3,3,10,233,satisfied
48,4769,0,0,0,1,2,4,4,0,3,0,4,2,3,1,183,177,neutral or dissatisfied
35,4299,4,2,4,0,0,1,5,0,0,2,3,4,0,0,200,215,neutral or dissatisfied
24,680,4,0,4,4,1,1,4,3,1,1,3,3,3,1,166,254,neutral or dissatisfied
25,594,4,2,2,1,3,2,0,3,2,2,4,1,1,4,136,186,satisfied
36,987,5,0,0,1,4,2,2,4,5,2,4,2,3,2,52,145,neutral or dissatisfied
46,4169,1,5,1,4,1,3,4,2,4,5,2,5,1,1,67,255,satisfied
61,4180,0,0,4,0,2,2,1,5,1,5,4,2,3,1,105,180,neutral or dissatisfied
37,2696,2,5,5,5,1,4,1,1,3,2,5,4,4,4,190,28,satisfied
67,4532,1,4,5,4,0,0,1,2,4,2,5,0,3,0,273,255,neutral or dissatisfied
59,2614,4,4,5,3,1,4,2,3,5,5,2,5,5,2,145,178,neutral or dissatisfied
47,265,4,0,3,3,3,1,1,2,4,3,0,5,4,2,138,43,satisfied
64,834,3,2,0,0,0,5,0,5,2,5,2,5,2,2,196,80,neutral or dissatisfied
39,473,5,4,3,1,2,1,4,1,3,5,0,1,1,2,221,191,neutral or dissatisfied
27,1618,5,4,5,4,0,5,0,2,2,1,1,1,1,3,32,249,neutral or dissatisfied
43,3357,1,0,3,2,4,2,4,1,2,5,1,5,5,4,184,199,neutral or dissatisfied
68,4461,0,2,4,0,1,1,0,0,1,4,2,2,4,4,77,241,satisfied
50,2885,4,0,1,4,2,0,0,0,5,0,1,0,4,0,157,279,neutral or dissatisfied
45,1300,2,3,1,4,3,3,3,3,3,3,2,0,3,2,211,264,neutral or dissatisfied
27,4720,3,0,1,0,4,3,5,2,3,1,4,5,1,0,236,276,neutral or dissatisfied
46,3882,0,2,4,2,1,4,2,5,1,2,4,0,4,3,11,122,satisfied
61,2647,0,4,5,3,5,5,0,5,3,3,1,0,3,2,165,117,neutral or dissatisfied
35,4554,5,4,2,5,3,3,2,0,1,0,1,5,3,4,259,217,neutral or dissatisfied
59,3594,0,1,1,5,4,2,2,5,3,2,2,5,5,2,66,158,neutral or dissatisfied
76,4624,5,0,3,3,1,2,5,2,5,1,5,3,5,1,122,95,neutral or dissatisfied
18,135,5,4,3,1,3,1,3,5,0,3,0,0,0,0,273,149,satisfied
40,4978,5,3,5,5,2,2,0,0,3,2,0,4,0,5,193,158,satisfied
34,160,3,4,2,5,5,2,0,3,0,3,5,0,5,5,257,141,satisfied
60,1921,2,5,0,1,1,3,5,0,5,2,5,3,2,3,267,107,satisfied
54,4351,4,5,4,5,3,5,1,0,2,2,5,1,1,0,130,247,neutral or dissatisfied
48,1157,3,3,4,3,4,0,5,1,2,2,3,5,5,2,280,284,satisfied
42,4631,3,4,3,2,2,1,2,3,2,3,1,2,4,2,183,180,neutral or dissatisfied
70,4058,2,4,1,0,4,4,3,4,4,4,1,0,1,2,285,93,neutral or dissatisfied
21,1535,0,2,1,4,2,3,2,2,2,0,2,0,3,3,172,34,satisfied
69,3400,4,4,2,1,5,1,0,4,0,5,1,1,4,4,196,153,neutral or dissatisfied
26,156,1,3,0,3,5,3,1,5,5,5,5,2,0,3,286,181,neutral or dissatisfied
74,4875,0,2,1,5,5,2,0,4,1,5,2,3,4,2,280,71,satisfied
45,3918,5,4,1,4,3,4,4,1,1,3,1,3,0,0,20,2,neutral or dissatisfied
47,2689,0,2,3,0,1,4,1,4,4,1,2,0,3,2,116,111,satisfied
77,2389,2,5,5,0,3,5,3,0,3,5,0,1,2,5,267,272,neutral or dissatisfied
64,3073,1,5,1,1,4,0,3,1,2,0,4,3,5,4,93,30,neutral or dissatisfied
41,1057,4,4,4,1,0,1,2,1,3,0,4,2,5,1,238,35,neutral or dissatisfied
50,1694,4,1,1,5,3,5,2,5,1,2,5,0,0,0,161,129,neutral or dissatisfied
37,4310,4,5,1,2,2,4,1,1,0,5,5,5,5,4,3,169,satisfied
26,3444,2,2,0,0,5,3,0,3,4,1,1,3,0,3,171,90,satisfied
25,4040,5,3,4,3,4,1,1,4,4,3,5,4,2,1,24,176,satisfied
41,2161,1,1,2,5,3,2,4,1,4,2,5,5,2,0,241,42,neutral or dissatisfied
31,869,1,4,4,0,5,0,5,5,2,5,0,0,4,0,245,298,satisfied
76,3935,0,4,2,5,5,2,1,0,4,1,4,0,5,0,15,120,satisfied
35,4454,5,1,0,0,5,5,5,0,0,1,4,0,3,5,117,192,neutral or dissatisfied
74,1958,3,0,0,2,4,4,1,1,0,0,2,1,1,4,150,181,neutral or dissatisfied
70,2295,1,1,5,5,2,2,5,3,4,1,4,0,0,2,80,283,satisfied
73,2648,4,3,5,5,5,3,4,2,1,4,1,3,3,2,108,13,neutral or dissatisfied
18,3934,4,4,3,0,5,3,0,1,5,1,0,4,3,4,125,161,neutral or dissatisfied
29,3842,3,2,0,5,2,1,4,2,5,4,2,5,5,4,247,63,satisfied
46,1675,3,5,1,3,2,0,1,5,1,2,5,4,5,2,192,215,neutral or dissatisfied
54,3093,0,0,4,2,1,0,2,3,4,3,3,1,3,2,196,95,neutral or dissatisfied
43,1406,0,2,2,0,5,3,3,1,2,3,1,3,3,5,6,37,satisfied
50,4567,2,1,4,1,3,2,0,1,1,4,2,1,3,5,250,274,satisfied
60,1264,5,4,4,4,1,2,0,0,4,0,2,1,4,0,211,67,neutral or dissatisfied
32,3413,4,3,4,0,2,5,4,1,0,3,5,0,4,4,16,7,neutral or dissatisfied
40,1060,2,1,4,3,5,1,2,1,3,1,5,2,2,3,81,181,satisfied
46,2405,4,1,4,3,0,4,1,1,1,3,3,5,4,1,76,139,neutral or dissatisfied
38,3592,2,2,5,1,5,4,2,5,2,2,0,1,0,5,182,136,satisfied
36,4046,0,2,0,0,3,1,4,0,5,1,3,1,0,0,296,44,satisfied
22,1634,1,4,5,0,3,4,0,2,3,2,3,4,4,1,27,24,neutral or dissatisfied
40,2846,5,2,4,0,4,3,1,0,3,5,1,2,3,1,34,28,satisfied
53,2880,3,0,4,3,1,0,4,0,2,3,1,2,2,3,270,52,neutral or dissatisfied
76,1329,4,4,2,2,0,5,3,1,2,0,4,4,2,1,264,224,neutral or dissatisfied
37,4616,5,3,4,2,1,0,3,1,4,1,2,5,5,5,52,14,satisfied
25,1433,0,0,4,1,5,4,3,5,0,5,1,4,4,2,218,299,neutral or dissatisfied
26,1834,0,1,5,3,5,4,5,4,2,2,2,1,5,1,215,200,neutral or dissatisfied
79,4845,0,5,4,4,1,4,0,5,2,4,3,2,1,3,21,265,neutral or dissatisfied
31,3699,2,2,1,5,2,0,0,5,3,2,5,1,4,3,204,2,neutral or dissatisfied
23,1281,5,3,5,1,3,4,2,4,1,4,1,0,3,4,102,106,satisfied
18,4889,3,4,1,2,5,2,2,3,5,4,1,3,3,0,150,232,neutral or dissatisfied
26,3104,0,2,1,4,1,2,3,4,1,0,3,0,4,4,167,157,satisfied
33,4750,2,0,4,1,0,3,4,1,5,4,2,5,1,3,289,120,satisfied
33,2614,0,1,0,1,3,1,3,3,2,1,2,4,3,0,245,73,neutral or dissatisfied
71,2945,2,1,1,3,3,3,1,2,0,3,5,1,0,0,251,42,neutral or dissatisfied
29,2183,5,2,3,0,1,5,1,5,2,2,5,4,0,4,183,251,satisfied
22,3447,1,4,1,2,1,0,3,4,0,5,0,0,0,2,87,105,satisfied
57,4084,2,4,2,2,0,2,4,5,3,1,0,0,0,2,220,128,neutral or dissatisfied
46,3707,4,2,0,0,0,1,2,4,4,4,0,5,3,5,270,271,satisfied
63,4551,3,5,5,4,3,5,3,1,3,1,2,2,2,5,189,119,satisfied
44,1830,2,2,2,4,4,2,4,1,4,1,3,2,3,3,167,224,neutral or dissatisfied
28,4277,3,2,2,4,3,4,4,0,5,0,5,0,2,1,245,67,satisfied
70,3088,2,5,1,0,5,0,1,0,3,4,5,5,1,3,62,102,satisfied
64,2186,3,3,2,3,4,1,2,4,2,1,4,0,1,3,114,267,neutral or dissatisfied
67,4745,5,2,2,3,0,3,4,4,5,5,4,3,3,2,246,237,satisfied
45,462,1,3,0,5,2,5,3,3,2,2,4,5,2,3,143,113,neutral or dissatisfied
69,4748,4,0,1,1,1,0,5,5,0,0,5,4,5,2,264,100,satisfied
53,2003,4,2,0,2,1,3,5,4,2,1,1,3,3,3,15,190,satisfied
59,3967,4,2,4,0,1,5,4,1,5,2,4,2,3,4,82,27,satisfied
36,1559,2,4,1,3,4,3,3,1,1,2,4,2,2,1,187,193,satisfied
71,2554,4,2,2,2,4,3,4,3,2,4,5,3,5,5,64,194,satisfied
52,2825,0,5,5,5,3,4,1,2,1,1,3,2,4,4,55,129,neutral or dissatisfied
69,642,0,3,1,4,0,3,2,2,5,4,5,3,1,1,177,228,neutral or dissatisfied
48,1899,4,5,5,0,2,2,4,1,3,2,0,1,5,4,222,101,satisfied
71,339,5,3,1,2,4,5,4,0,3,1,3,0,5,1,2,227,satisfied
76,2542,4,2,4,3,3,1,1,5,4,5,1,4,1,3,257,206,satisfied
61,2993,2,3,0,4,3,1,4,5,5,4,0,4,1,5,112,266,satisfied
73,2038,4,2,1,5,0,0,0,2,4,4,2,4,1,3,36,116,satisfied
78,160,3,5,5,1,3,2,0,0,2,3,2,2,5,2,13,72,satisfied
78,124,5,0,1,1,2,3,3,1,2,5,1,2,5,2,163,19,satisfied
36,4356,1,3,5,1,0,5,4,1,5,5,3,5,1,2,245,22,neutral or dissatisfied
63,3536,2,3,3,3,5,2,3,0,4,0,3,1,3,0,271,80,satisfied
41,467,2,3,1,0,1,3,4,1,2,2,2,1,3,0,178,120,satisfied
19,4312,0,3,0,5,2,3,1,4,1,2,3,2,3,4,41,175,satisfied
24,2120,2,2,3,5,1,1,2,1,3,4,2,0,4,1,4,157,neutral or dissatisfied
60,4212,2,2,5,5,2,5,2,4,0,2,3,2,4,5,252,200,satisfied
71,4172,1,0,2,2,1,4,3,3,0,2,1,3,4,4,108,90,satisfied
66,2356,5,2,2,3,3,0,0,0,3,1,3,2,2,0,108,222,satisfied
48,914,3,5,1,2,4,1,5,2,0,3,3,0,0,2,42,204,satisfied
77,2754,1,3,0,3,4,3,5,3,0,1,5,5,3,2,77,246,neutral or dissatisfied
34,1976,5,0,1,4,2,0,4,5,1,1,3,2,3,5,96,240,satisfied
44,3963,5,1,2,3,1,3,2,0,3,2,4,2,5,1,176,86,satisfied
78,3827,5,5,1,1,2,1,3,2,5,2,4,2,2,2,29,107,neutral or dissatisfied
53,4368,3,4,1,0,3,3,4,4,4,2,5,1,5,1,67,82,satisfied
76,1691,0,0,2,2,4,0,1,2,3,1,2,2,2,1,69,299,satisfied
67,3583,5,4,2,4,1,3,3,4,2,5,1,5,5,1,155,86,satisfied
60,3899,1,3,3,1,1,1,0,1,2,5,1,3,1,1,52,203,satisfied
27,3761,1,1,3,5,3,3,4,1,3,1,4,3,2,0,238,61,satisfied
62,532,1,4,0,4,4,0,4,4,0,3,2,5,2,5,262,253,satisfied
31,2107,4,5,5,2,5,2,2,3,1,4,5,4,1,4,268,120,satisfied
75,3010,4,0,5,3,1,2,2,2,2,5,5,1,4,3,191,22,satisfied
24,477,5,2,0,0,4,4,5,4,4,5,1,0,1,3,8,298,satisfied
56,4427,1,5,2,1,5,4,3,3,1,1,5,3,1,3,34,245,neutral or dissatisfied
57,4933,2,4,0,0,0,1,5,2,4,2,1,1,1,0,259,164,satisfied
26,981,0,2,0,2,2,5,0,3,0,1,5,0,2,3,161,97,satisfied
31,1920,2,4,3,5,3,3,5,4,4,0,3,3,0,0,147,66,neutral or dissatisfied
74,3416,0,3,2,4,1,5,2,2,4,1,4,0,2,3,131,226,neutral or dissatisfied
25,2216,5,2,3,0,0,3,4,2,2,1,1,1,3,3,237,124,satisfied
34,2604,0,1,1,4,5,3,5,3,0,0,4,4,4,3,93,223,neutral or dissatisfied
74,470,4,5,2,0,1,1,3,5,4,3,3,5,0,4,282,44,satisfied
40,1684,0,0,4,2,0,1,3,1,1,1,4,5,3,2,219,225,satisfied
74,1735,1,1,0,5,0,5,0,2,3,0,5,4,2,0,150,11,neutral or dissatisfied
33,2219,1,4,0,4,4,3,2,5,5,5,3,5,0,4,77,196,neutral or dissatisfied
43,2661,5,4,2,0,3,0,2,3,3,0,5,1,4,3,218,262,neutral or dissatisfied
26,229,5,1,4,0,1,1,5,1,2,5,1,5,1,5,242,103,neutral or dissatisfied
53,4395,0,4,5,2,2,4,0,5,4,0,0,1,5,1,38,25,neutral or dissatisfied
24,3837,4,3,2,4,3,0,4,0,1,3,1,4,1,5,177,291,satisfied
35,1224,2,0,0,0,2,5,3,3,1,0,1,2,3,3,230,276,satisfied
25,2737,4,5,5,5,1,2,0,2,5,4,3,2,2,2,137,51,satisfied
38,3350,4,3,0,1,1,3,1,0,4,2,1,2,2,3,231,119,satisfied
43,1535,2,2,2,2,2,4,0,4,5,4,4,0,4,2,184,10,neutral or dissatisfied
20,4292,1,0,5,0,1,4,3,0,4,1,1,2,2,0,189,29,satisfied
78,1679,5,0,1,2,0,4,4,0,0,3,4,5,4,0,136,288,neutral or dissatisfied
34,3959,3,4,3,3,0,4,1,0,3,5,0,4,5,0,144,242,satisfied
74,1425,4,5,2,0,1,5,1,1,4,5,5,2,3,2,223,84,neutral or dissatisfied
68,200,1,2,1,1,4,3,5,5,4,3,4,3,5,2,107,286,satisfied
63,4532,0,5,4,5,1,4,1,5,1,3,4,4,0,4,248,14,neutral or dissatisfied
41,4308,4,1,0,3,1,5,3,1,5,1,3,4,5,3,242,82,neutral or dissatisfied
42,3406,4,5,0,2,2,4,5,1,5,0,3,2,3,5,131,124,neutral or dissatisfied
22,472,0,2,2,5,5,0,5,0,2,1,3,5,3,4,59,33,neutral or dissatisfied
54,4088,3,1,4,4,5,5,0,2,5,0,4,4,1,5,88,125,neutral or dissatisfied
62,3268,3,5,2,4,0,1,5,5,3,0,1,3,2,1,11,207,satisfied
67,1606,2,5,3,2,4,2,5,2,3,4,3,0,5,0,121,53,satisfied
41,4537,5,2,2,4,0,3,2,0,3,0,1,1,4,0,236,260,satisfied
48,1126,0,2,0,4,4,2,5,0,0,1,1,1,1,4,35,268,satisfied
72,3627,1,1,0,1,5,2,3,2,3,0,1,3,2,4,247,160,satisfied
43,2351,1,3,5,3,3,5,3,3,1,5,5,3,1,4,26,247,neutral or dissatisfied
38,343,3,4,1,0,3,1,5,4,4,5,5,5,0,3,115,205,satisfied
51,474,2,5,3,3,4,3,3,0,1,1,3,1,2,2,176,209,satisfied
55,4261,5,4,5,2,5,0,2,5,0,3,1,1,0,0,130,25,neutral or dissatisfied
75,2612,2,4,5,1,1,1,5,0,0,4,0,5,5,5,111,287,neutral or dissatisfied
41,4406,1,1,5,5,5,4,3,1,1,0,4,4,0,2,11,286,neutral or dissatisfied
45,3570,5,5,1,2,0,4,2,1,2,3,3,5,2,3,42,280,neutral or dissatisfied
47,901,5,5,3,3,2,2,1,0,2,3,5,1,0,0,21,118,satisfied
51,4735,2,4,0,1,3,0,0,3,5,1,2,5,4,4,126,48,satisfied
69,2892,5,5,5,1,2,2,3,3,5,3,1,0,4,4,277,212,neutral or dissatisfied
71,4571,3,5,5,3,1,5,2,5,0,3,4,4,3,3,80,1,satisfied
73,4083,3,0,5,5,4,4,1,5,5,0,2,2,5,5,264,250,satisfied
69,2128,2,2,2,0,2,3,4,1,2,5,2,1,1,1,215,138,satisfied
40,1543,3,1,0,5,1,1,0,4,5,2,4,3,3,3,213,291,satisfied
72,2885,5,1,1,5,1,0,5,0,5,0,5,5,1,1,239,43,neutral or dissatisfied
25,1045,3,0,1,3,2,1,4,3,5,2,0,0,4,4,11,270,satisfied
59,948,2,2,2,1,0,1,0,3,1,3,5,4,5,5,163,152,satisfied
67,4380,3,4,5,1,3,2,3,5,0,2,4,0,5,1,226,276,neutral or dissatisfied
27,419,0,1,4,0,3,4,5,0,3,3,1,2,4,1,32,42,satisfied
72,1566,3,1,0,0,1,0,2,5,2,0,1,4,4,3,97,175,neutral or dissatisfied
18,4769,4,1,1,2,3,1,0,4,5,1,1,1,0,1,107,61,neutral or dissatisfied
37,3278,1,1,4,2,1,0,3,1,5,2,2,2,0,2,252,192,satisfied
74,2615,0,1,4,1,0,0,1,0,2,4,3,3,5,3,53,15,satisfied
54,2193,2,1,0,2,4,4,3,4,5,1,0,0,0,4,232,198,neutral or dissatisfied
35,1698,1,0,1,0,4,1,5,2,1,2,4,0,2,3,56,94,satisfied
38,3194,4,1,4,5,4,0,4,2,5,5,2,5,0,5,189,118,satisfied
71,3821,1,3,1,2,5,0,5,4,1,3,1,0,2,5,66,118,neutral or dissatisfied
66,1456,3,2,4,2,0,1,0,5,1,3,4,4,0,3,92,13,neutral or dissatisfied
21,2318,1,2,0,1,4,1,2,1,2,3,5,0,2,5,32,8,neutral or dissatisfied
60,859,2,5,0,3,4,1,4,0,2,3,0,0,2,4,263,52,neutral or dissatisfied
19,4596,3,4,1,3,2,2,1,3,0,5,3,1,5,1,253,228,neutral or dissatisfied
38,3487,3,5,0,4,0,1,3,0,2,5,1,1,5,3,143,28,neutral or dissatisfied
54,4469,4,1,3,4,4,4,0,1,0,3,3,1,5,0,107,205,satisfied
22,1440,5,5,0,5,2,0,1,2,1,0,2,1,3,1,222,241,satisfied
34,977,1,1,2,1,4,2,2,5,5,2,5,1,3,1,209,143,satisfied
66,4377,5,0,0,1,1,1,4,0,3,1,3,2,0,3,205,110,neutral or dissatisfied
65,181,4,3,1,5,5,3,0,5,2,2,1,5,3,4,200,145,satisfied
28,3713,3,2,5,3,4,2,1,4,1,2,1,2,2,3,164,164,neutral or dissatisfied
63,2346,3,2,4,1,5,2,2,0,3,5,0,0,0,1,100,16,satisfied
58,4224,4,4,3,0,2,5,3,5,5,0,2,1,2,5,154,245,satisfied
48,4680,3,1,1,1,1,2,2,0,1,0,0,0,5,1,37,107,neutral or dissatisfied
45,4123,5,0,1,2,0,2,4,2,5,5,3,2,1,4,178,204,neutral or dissatisfied
61,4694,5,4,4,1,0,0,1,2,3,3,4,0,0,3,108,207,neutral or dissatisfied
49,4374,1,4,4,3,0,5,2,3,2,3,1,5,4,5,162,138,satisfied
38,3770,0,4,2,0,4,0,0,2,1,2,0,3,1,4,10,31,satisfied
24,1902,5,0,1,4,2,5,4,2,2,0,5,4,2,4,223,11,satisfied
27,3727,4,0,3,0,0,2,0,0,0,1,1,2,3,0,271,154,satisfied
78,3103,2,1,2,0,2,3,2,2,1,2,5,2,0,2,45,3,neutral or dissatisfied
45,1538,0,0,2,2,0,1,2,0,3,0,4,3,0,5,170,101,neutral or dissatisfied
65,1266,2,4,3,0,5,5,4,0,1,2,1,4,0,1,279,67,satisfied
53,2135,3,1,4,1,3,5,4,4,4,0,3,1,5,2,267,213,neutral or dissatisfied
37,4828,0,4,4,3,1,2,3,0,4,2,4,4,3,0,10,14,satisfied
30,1180,3,4,1,0,5,2,2,3,0,1,2,3,0,5,67,24,neutral or dissatisfied
36,4645,3,2,2,0,4,1,5,0,1,0,0,4,1,0,292,201,satisfied
67,1996,5,0,3,1,1,0,5,0,1,4,1,3,3,5,200,251,neutral or dissatisfied
28,2291,4,5,3,5,1,5,2,1,5,3,3,5,3,4,168,23,neutral or dissatisfied
52,731,2,2,3,0,3,2,0,3,3,0,0,3,4,0,289,114,satisfied
51,3149,5,2,2,4,2,2,5,1,5,2,1,1,3,2,18,173,neutral or dissatisfied
61,2456,1,5,0,0,1,2,3,4,3,3,3,1,1,5,127,242,satisfied
21,3259,4,4,0,0,3,2,0,0,3,2,4,4,0,1,21,7,neutral or dissatisfied
30,3078,4,5,1,0,2,1,2,3,1,0,2,1,3,1,184,280,neutral or dissatisfied
54,537,2,0,5,4,5,0,0,3,1,2,1,2,3,0,51,221,neutral or dissatisfied
76,2920,4,4,2,4,5,3,1,4,4,0,5,4,0,4,237,258,satisfied
19,4063,2,3,5,4,3,1,4,2,2,0,1,0,5,1,214,297,satisfied
67,2302,4,4,2,4,2,3,0,3,3,3,1,4,3,2,206,199,satisfied
18,1592,0,4,0,0,3,3,0,2,2,0,2,2,2,2,217,50,satisfied
57,2537,2,0,4,1,1,1,2,4,5,1,1,0,5,3,13,263,satisfied
42,2421,1,4,0,3,1,0,5,5,5,4,2,4,1,2,250,4,satisfied
76,2088,5,5,5,3,3,0,3,5,2,5,5,3,4,3,29,31,neutral or dissatisfied
54,2460,4,4,2,0,1,5,5,2,0,1,2,3,5,3,174,247,neutral or dissatisfied
53,2308,5,2,5,2,3,0,0,5,1,0,4,5,2,4,173,175,neutral or dissatisfied
23,437,0,5,3,3,3,1,1,4,5,4,5,0,1,2,217,155,neutral or dissatisfied
24,173,5,5,2,4,4,1,2,0,1,2,0,5,3,2,8,11,neutral or dissatisfied
21,840,1,4,1,2,0,4,3,0,4,2,3,0,2,2,249,71,neutral or dissatisfied
52,2498,4,0,0,1,1,1,0,0,1,1,5,1,1,0,176,1,neutral or dissatisfied
75,3501,4,2,1,5,3,4,4,1,0,5,2,4,2,4,250,173,neutral or dissatisfied
58,4560,5,5,0,2,5,3,4,3,5,3,5,2,1,0,192,21,neutral or dissatisfied
78,3348,5,1,0,1,0,1,4,4,1,5,0,0,0,3,66,30,neutral or dissatisfied
51,839,5,5,1,2,3,4,2,2,3,4,2,0,2,2,61,117,neutral or dissatisfied
46,4769,3,1,1,3,5,0,4,4,3,5,4,1,0,5,11,104,neutral or dissatisfied
22,3515,4,4,3,4,1,5,3,1,4,4,4,4,3,4,287,27,neutral or dissatisfied
44,516,1,2,5,1,3,3,2,2,5,3,4,1,5,3,289,156,neutral or dissatisfied
50,2460,1,3,1,1,5,1,1,1,3,2,5,0,3,4,84,47,neutral or dissatisfied
74,512,0,5,4,2,2,5,1,2,0,5,4,3,2,1,201,84,neutral or dissatisfied
63,4367,3,1,2,4,2,2,4,3,1,0,0,0,0,1,147,77,neutral or dissatisfied
69,278,0,5,5,0,4,3,5,0,2,5,1,5,5,3,185,298,satisfied
27,2962,0,2,3,1,1,5,2,0,1,2,5,1,1,2,252,266,neutral or dissatisfied
71,2256,4,5,0,4,1,3,4,3,0,0,3,5,5,4,217,266,satisfied
23,2569,0,1,5,0,0,4,4,5,1,2,2,5,3,3,114,177,satisfied
51,2780,2,5,4,1,3,1,5,3,1,4,1,2,1,0,198,42,satisfied
25,2150,3,2,1,4,1,4,1,5,3,4,0,4,0,5,291,206,satisfied
79,885,4,4,1,5,1,3,5,0,0,0,0,5,1,0,80,224,satisfied
48,4339,2,2,4,1,0,0,1,4,3,2,3,1,3,0,33,260,satisfied
26,807,1,2,2,3,2,1,2,2,4,0,5,2,3,0,188,52,satisfied
72,1465,3,0,4,4,1,1,4,4,5,0,3,3,5,0,267,168,satisfied
38,4950,1,4,0,2,0,5,2,4,5,5,4,2,3,0,171,278,satisfied
25,3265,5,5,5,2,2,5,3,3,4,2,1,2,3,0,210,191,neutral or dissatisfied
21,923,1,3,4,5,1,1,3,0,0,0,0,4,4,3,190,248,satisfied
39,2325,4,5,5,0,5,5,5,2,0,0,1,5,5,5,119,262,satisfied
45,4956,2,5,3,3,2,0,0,5,4,2,5,5,2,3,144,39,satisfied
62,744,3,1,4,5,1,3,1,0,5,1,2,4,4,5,256,52,satisfied
21,189,4,2,4,0,5,2,2,5,5,1,4,2,5,5,269,195,satisfied
56,2391,0,2,0,2,4,3,4,0,2,3,1,1,4,0,48,215,satisfied
38,3795,3,4,0,4,3,0,0,0,5,1,2,0,5,0,256,261,neutral or dissatisfied
25,4854,4,0,2,5,0,4,3,3,5,5,3,0,3,5,73,211,neutral or dissatisfied
37,3293,3,5,0,3,1,4,4,0,4,2,4,1,3,0,153,261,satisfied
49,2756,3,1,0,1,3,5,0,0,1,0,4,3,5,0,104,156,satisfied
18,2495,4,3,0,5,4,2,0,5,4,5,5,1,2,0,58,86,neutral or dissatisfied
23,2952,1,2,4,5,5,4,3,5,5,2,2,0,4,4,14,249,neutral or dissatisfied
45,1507,1,0,4,1,2,0,5,2,4,4,4,4,0,1,213,232,neutral or dissatisfied
61,487,4,1,0,4,4,2,4,3,3,2,0,4,1,5,200,118,satisfied
48,1782,3,1,1,2,3,0,4,4,0,1,4,4,1,2,239,15,satisfied
27,305,1,3,0,5,0,1,0,1,3,3,1,4,3,1,291,280,satisfied
37,2199,2,4,0,5,3,4,5,5,3,0,5,4,5,3,135,70,neutral or dissatisfied
25,4757,0,5,5,0,2,5,5,0,3,5,3,5,4,2,93,19,satisfied
39,2416,0,1,2,2,3,1,1,0,1,0,1,2,0,4,71,265,neutral or dissatisfied
55,3014,2,1,0,4,4,3,1,2,0,5,2,3,2,2,135,108,neutral or dissatisfied
46,3778,2,5,0,2,3,1,1,4,4,1,4,4,0,1,205,212,neutral or dissatisfied
26,3892,2,3,5,0,3,4,0,1,1,5,5,3,1,2,192,139,neutral or dissatisfied
61,2213,3,5,2,0,3,3,1,2,3,3,5,3,4,4,297,283,satisfied
64,2236,1,2,0,3,3,4,3,1,1,4,3,2,4,0,172,152,satisfied
18,265,2,4,0,5,2,4,0,2,1,3,3,3,3,1,147,106,neutral or dissatisfied
58,534,4,3,3,3,3,4,5,2,5,3,5,1,0,1,167,56,satisfied
69,2068,5,2,5,3,0,0,1,5,3,1,4,0,1,3,117,207,neutral or dissatisfied
56,1328,0,3,2,5,5,5,2,3,3,3,1,4,3,4,81,288,satisfied
43,1128,0,5,2,2,2,4,4,2,1,0,0,4,2,2,59,124,neutral or dissatisfied
28,1298,2,5,3,5,2,3,0,5,1,3,2,4,4,1,246,84,satisfied
69,4082,1,3,2,1,3,3,4,4,0,1,4,2,2,1,226,290,satisfied
52,3413,2,5,5,2,4,2,4,3,0,3,0,0,3,5,106,200,neutral or dissatisfied
77,3506,4,3,1,5,5,4,1,1,3,3,4,4,1,3,261,194,satisfied
41,3688,2,0,4,0,3,0,2,5,3,0,5,0,0,4,63,181,neutral or dissatisfied
50,4922,3,5,4,3,5,4,1,3,1,0,2,1,4,3,235,59,satisfied
37,1074,2,3,5,4,2,5,5,5,5,1,1,1,3,1,132,176,neutral or dissatisfied
44,1327,3,5,2,1,1,3,2,1,2,2,1,4,5,2,288,172,neutral or dissatisfied
32,4675,1,2,4,2,0,1,2,1,0,0,2,4,1,0,211,246,satisfied
50,2682,5,2,0,1,4,4,5,1,2,1,2,1,1,3,68,170,neutral or dissatisfied
69,1592,1,1,0,4,4,0,4,2,1,5,1,5,2,1,159,49,neutral or dissatisfied
24,3867,4,5,1,5,5,3,4,5,4,3,5,1,4,2,219,261,neutral or dissatisfied
51,1254,1,0,3,3,5,4,2,4,4,0,1,0,5,5,61,222,satisfied
62,1761,3,2,5,3,4,5,5,3,4,4,4,5,1,5,205,206,satisfied
77,1764,1,0,4,0,2,2,2,1,4,1,0,1,2,4,158,12,neutral or dissatisfied
75,3523,3,1,1,5,4,1,2,4,1,4,4,4,3,5,82,291,neutral or dissatisfied
68,284,4,0,4,5,4,3,4,1,0,0,3,5,2,1,182,201,satisfied
63,3882,3,2,0,2,1,2,5,1,0,4,0,5,4,1,267,107,satisfied
59,2338,2,4,1,0,1,3,5,0,2,2,0,1,1,2,82,235,neutral or dissatisfied
22,4959,1,0,5,1,1,5,3,1,3,0,2,0,3,4,112,279,neutral or dissatisfied
75,2865,0,5,1,4,4,1,3,0,4,3,4,3,2,4,220,189,neutral or dissatisfied
47,1776,2,0,3,5,4,2,5,0,0,1,0,3,1,1,18,81,satisfied
45,393,5,4,0,4,3,2,0,5,1,4,0,0,4,2,213,72,neutral or dissatisfied
35,4151,3,3,1,5,5,1,3,1,3,2,2,0,4,5,33,20,neutral or dissatisfied
53,2463,5,4,0,0,2,5,1,4,2,4,1,4,0,2,120,209,neutral or dissatisfied
20,4535,5,3,0,0,3,1,4,5,2,0,3,1,3,1,42,100,neutral or dissatisfied
38,3980,5,4,2,1,2,5,3,4,0,4,1,1,0,0,221,266,neutral or dissatisfied
63,1484,2,0,2,3,3,1,2,2,1,5,0,1,4,2,203,35,satisfied
75,4179,2,3,3,4,1,3,2,0,1,1,5,1,1,5,56,65,neutral or dissatisfied
33,3969,2,3,0,5,4,5,1,4,5,4,5,4,5,0,35,9,neutral or dissatisfied
73,1176,2,4,2,5,1,3,0,4,0,4,3,1,5,3,173,174,satisfied
54,2798,3,0,5,0,3,0,2,2,0,3,1,4,3,5,175,270,satisfied
59,3896,1,0,5,5,5,2,5,0,0,2,1,0,2,1,258,199,satisfied
22,740,1,0,4,4,5,2,3,1,0,4,5,0,0,5,131,217,satisfied
67,3851,2,3,0,3,2,5,5,0,1,3,5,5,1,2,58,133,satisfied
68,4234,0,3,1,4,0,4,2,5,1,4,5,3,5,2,166,71,satisfied
31,1606,1,5,0,3,0,2,0,5,0,4,5,5,5,4,272,218,satisfied
48,293,3,5,1,3,4,0,1,3,1,2,4,0,5,1,95,1,satisfied
63,1246,3,3,3,2,4,0,0,4,2,5,5,3,5,2,141,199,satisfied
41,2837,1,0,2,1,5,1,0,2,5,4,5,5,2,4,267,165,neutral or dissatisfied
52,4427,3,1,4,4,3,2,4,0,1,5,4,2,5,0,221,292,satisfied
53,1445,3,1,2,3,2,0,2,2,1,2,3,2,3,3,82,138,satisfied
27,1465,4,3,5,4,2,1,5,3,5,4,3,2,3,0,109,258,satisfied
44,2582,3,3,1,0,1,5,2,1,3,2,0,2,0,4,88,153,satisfied
73,1450,1,0,5,1,3,0,3,1,1,4,4,1,1,5,194,222,satisfied
44,2762,1,0,3,1,1,2,0,4,0,2,5,0,1,5,81,71,neutral or dissatisfied
72,2137,5,1,1,0,3,2,1,0,5,0,2,1,5,1,156,162,satisfied
40,584,5,1,5,0,3,1,2,3,0,4,0,5,3,5,220,188,neutral or dissatisfied
30,2299,0,4,3,4,4,2,2,0,0,3,2,4,4,5,243,9,satisfied
33,2270,2,0,5,2,4,1,5,0,4,4,4,1,1,5,101,13,satisfied
52,2230,1,2,3,4,5,2,1,2,1,4,1,2,4,1,132,37,neutral or dissatisfied
44,189,3,4,5,4,2,4,5,4,5,3,1,2,5,3,220,118,satisfied
69,850,5,0,4,3,2,1,5,4,3,4,0,1,4,1,172,122,satisfied
56,3285,5,2,4,4,4,4,4,0,0,0,3,3,5,5,268,208,neutral or dissatisfied
64,255,0,2,2,1,0,5,3,0,0,3,4,1,2,4,194,235,neutral or dissatisfied
34,1637,4,3,4,5,2,2,2,3,5,3,2,0,0,4,95,267,satisfied
79,2413,5,3,1,2,1,5,5,5,4,2,2,4,3,0,168,89,neutral or dissatisfied
78,4311,0,2,1,0,0,3,2,0,2,2,0,5,3,4,116,135,satisfied
65,1973,3,2,5,1,1,2,3,4,4,3,0,0,2,2,59,178,satisfied
76,4591,1,5,5,0,3,5,3,2,0,3,4,5,5,3,72,26,satisfied
58,2395,0,4,3,3,3,5,2,3,5,4,1,5,4,1,158,93,neutral or dissatisfied
18,3677,3,2,2,4,5,3,3,2,0,0,0,4,1,3,25,137,neutral or dissatisfied
28,154,4,3,5,3,5,2,3,0,1,2,4,4,2,2,13,182,neutral or dissatisfied
29,1416,5,3,2,0,3,1,1,3,2,1,1,3,2,0,278,10,satisfied
31,3298,0,3,2,4,2,0,3,5,0,4,3,4,4,3,228,77,neutral or dissatisfied
25,119,3,1,3,5,2,1,1,2,3,5,5,1,1,4,81,242,neutral or dissatisfied
48,1107,2,4,4,5,5,5,0,3,5,4,3,4,2,0,196,235,neutral or dissatisfied
24,3881,1,4,0,4,3,3,3,1,0,5,3,0,4,5,0,238,satisfied
63,4920,3,4,1,3,2,2,5,1,5,0,2,0,5,5,22,52,satisfied
71,308,2,5,3,0,2,2,1,5,4,2,3,2,4,0,52,180,satisfied
48,2804,1,1,1,2,1,2,0,4,5,1,4,0,4,1,118,215,satisfied
33,2333,5,4,4,3,4,0,3,3,4,2,0,3,4,2,132,105,satisfied
59,2244,1,1,4,1,3,0,3,5,5,2,1,1,2,3,194,220,satisfied
56,2426,1,1,3,1,5,1,4,3,1,0,4,0,3,0,76,77,neutral or dissatisfied
71,1516,2,2,3,1,0,5,2,4,0,4,1,5,2,2,255,238,satisfied
61,1984,0,1,0,0,4,1,5,1,0,0,0,3,4,5,143,87,satisfied
36,1293,5,0,2,1,5,3,4,3,1,2,2,4,1,5,280,206,satisfied
25,1966,2,0,0,1,4,0,3,5,5,1,0,4,2,1,2,37,satisfied
46,202,2,5,3,4,1,4,4,5,5,4,0,2,1,0,97,286,neutral or dissatisfied
19,1728,3,5,0,4,3,1,4,5,0,0,0,4,0,0,209,174,satisfied
59,2256,3,4,5,4,0,5,3,4,2,5,5,1,4,1,112,223,neutral or dissatisfied
20,1007,4,0,5,0,0,4,5,4,1,3,1,5,2,4,35,171,satisfied
68,191,2,5,5,1,5,1,2,3,1,1,5,0,4,3,270,135,satisfied
46,1941,2,5,1,3,1,5,5,1,5,3,0,3,1,0,251,18,neutral or dissatisfied
32,4779,4,2,4,1,4,4,0,5,2,2,4,2,3,3,111,287,satisfied
55,1547,2,0,4,4,1,4,5,5,3,1,3,4,5,4,176,134,neutral or dissatisfied
45,3018,2,1,0,5,0,1,3,2,0,5,3,5,3,0,232,99,neutral or dissatisfied
72,1197,4,5,5,1,4,0,3,1,0,1,5,3,5,0,71,272,neutral or dissatisfied
54,1980,4,5,2,4,4,1,1,5,3,5,4,4,1,1,74,246,satisfied
49,4336,4,0,3,1,1,0,0,3,5,5,2,0,2,4,61,189,neutral or dissatisfied
47,2892,1,3,4,5,3,2,3,3,4,4,3,2,4,4,159,171,neutral or dissatisfied
68,1349,3,5,0,0,2,5,2,3,1,2,1,2,2,5,207,193,satisfied
78,3999,4,2,3,2,4,5,0,1,1,5,2,5,1,0,273,201,neutral or dissatisfied
64,4914,1,4,4,2,5,2,5,2,5,0,0,4,5,5,246,67,neutral or dissatisfied
47,3699,5,3,5,1,4,2,1,2,4,1,2,3,4,2,59,69,neutral or dissatisfied
68,1128,3,2,0,3,2,5,0,4,2,0,5,5,5,0,144,199,satisfied
51,1816,4,2,3,1,0,2,1,4,4,2,0,2,1,0,230,119,neutral or dissatisfied
30,4011,5,2,2,5,2,3,3,0,2,2,3,0,0,5,277,279,satisfied
50,2476,2,0,0,1,1,3,3,0,1,3,0,4,0,5,249,240,neutral or dissatisfied
59,3433,2,0,0,2,5,1,0,0,0,0,2,3,5,0,198,100,satisfied
34,651,3,3,0,1,5,4,2,0,5,0,0,2,2,1,239,63,neutral or dissatisfied
20,435,0,3,4,1,4,3,4,2,2,4,4,3,2,4,58,122,satisfied
26,4019,3,1,2,4,4,3,0,3,5,2,0,4,3,5,220,295,satisfied
69,3981,1,1,5,1,5,4,5,2,1,2,4,4,0,4,80,70,satisfied
79,762,2,1,2,4,3,3,4,2,1,2,1,4,0,4,179,264,neutral or dissatisfied
28,1341,5,2,5,0,0,4,3,4,2,5,4,5,4,4,189,82,neutral or dissatisfied
66,897,5,4,0,3,1,3,2,2,3,2,2,5,3,4,263,248,neutral or dissatisfied
44,1901,2,1,5,1,5,2,5,5,2,4,1,0,1,4,197,134,neutral or dissatisfied
45,3567,4,3,0,4,2,5,0,0,1,3,2,0,5,5,129,32,satisfied
74,3041,1,4,2,5,0,4,4,5,0,2,1,2,4,2,0,239,neutral or dissatisfied
74,3019,0,1,3,5,5,2,5,5,4,1,1,5,3,1,227,127,satisfied
19,3894,1,0,0,4,0,1,0,4,3,3,4,2,4,4,11,14,neutral or dissatisfied
18,355,1,5,2,5,1,4,0,0,1,4,5,3,3,5,112,287,neutral or dissatisfied
23,1435,1,1,4,5,5,4,2,4,0,3,5,1,0,0,51,217,satisfied
42,1646,1,1,2,1,3,0,4,4,3,3,5,2,5,2,97,243,neutral or dissatisfied
52,1777,0,2,3,2,1,3,3,5,0,4,1,0,5,1,203,52,neutral or dissatisfied
33,4251,1,2,0,2,1,4,3,1,5,1,2,5,4,2,55,78,neutral or dissatisfied
21,507,0,1,5,1,3,0,3,4,1,5,5,0,2,2,236,150,satisfied
78,1481,3,2,2,1,0,5,1,1,0,5,2,1,4,0,220,37,satisfied
64,1711,5,0,1,2,0,0,1,3,5,2,1,1,3,3,52,97,satisfied
55,2009,1,4,0,1,2,0,2,0,1,5,1,1,2,2,107,19,neutral or dissatisfied
61,4348,4,4,0,1,3,5,4,2,0,5,0,0,0,4,22,40,neutral or dissatisfied
37,3509,0,2,1,2,5,2,4,3,0,1,0,3,0,2,117,138,satisfied
42,3318,5,1,0,4,0,0,1,2,3,2,1,0,4,1,4,267,neutral or dissatisfied
24,4259,5,0,4,0,0,4,1,0,4,4,1,3,2,3,294,116,satisfied
38,1665,0,0,4,1,3,1,1,2,5,0,5,2,3,3,228,241,satisfied
24,3093,5,3,3,2,4,3,2,4,3,4,3,0,4,5,196,257,satisfied
46,4693,1,2,5,5,5,5,5,3,2,3,5,1,2,4,244,114,neutral or dissatisfied
69,2510,4,3,3,1,0,2,5,5,2,2,0,3,2,5,121,91,neutral or dissatisfied
24,4299,5,2,2,1,3,5,0,1,1,4,5,1,2,2,42,223,neutral or dissatisfied
20,3439,5,3,2,4,4,0,0,2,0,1,4,5,1,5,157,275,satisfied
46,412,4,5,4,0,4,0,5,3,3,5,2,5,0,1,255,278,neutral or dissatisfied
46,1412,1,1,0,1,0,2,0,1,0,0,4,1,3,5,59,31,neutral or dissatisfied
56,473,4,2,5,0,2,5,4,0,5,1,5,0,0,1,223,283,neutral or dissatisfied
55,933,0,4,5,2,1,2,5,0,4,5,0,4,4,3,53,53,neutral or dissatisfied
77,2173,5,2,1,2,2,5,0,3,5,1,0,1,3,3,262,113,satisfied
23,4144,1,4,5,5,2,4,2,1,0,3,5,5,2,4,104,290,neutral or dissatisfied
63,3068,1,3,4,3,0,4,1,5,1,2,3,5,0,5,150,80,satisfied
27,4343,1,3,3,4,3,1,4,3,3,2,3,4,2,2,114,169,neutral or dissatisfied
54,1048,3,1,3,2,3,4,5,3,2,4,4,5,0,0,272,195,satisfied
72,2604,1,4,3,5,4,4,0,1,4,5,3,0,2,0,15,71,satisfied
31,4242,2,1,5,1,2,5,1,4,0,3,3,3,5,5,38,146,neutral or dissatisfied
39,4231,2,0,5,1,1,2,4,2,5,4,1,4,1,2,156,243,satisfied
77,2357,0,4,1,2,4,2,3,5,4,2,5,5,3,0,55,243,neutral or dissatisfied
49,1275,3,2,3,3,1,3,2,5,4,3,1,3,5,3,54,262,neutral or dissatisfied
35,2209,3,4,3,5,4,2,2,2,4,2,5,4,1,0,43,216,satisfied
53,1305,4,3,2,4,3,2,2,2,5,3,5,5,1,1,186,192,neutral or dissatisfied
63,4720,1,5,0,5,0,4,2,3,4,0,3,1,1,5,182,100,satisfied
69,4702,2,5,5,3,5,5,2,2,3,0,2,4,0,4,106,163,neutral or dissatisfied
76,2258,3,1,0,0,1,4,0,3,4,2,2,0,3,4,123,124,satisfied
26,779,2,0,1,4,0,2,0,3,4,5,1,1,3,5,118,149,satisfied
43,1358,2,1,3,4,4,2,3,1,3,3,2,1,2,5,65,64,neutral or dissatisfied
39,2001,1,0,2,1,5,3,4,0,1,4,5,5,0,0,90,128,satisfied
63,3087,2,5,0,4,5,0,0,1,2,0,2,2,2,2,234,297,neutral or dissatisfied
55,694,0,3,1,4,4,2,2,4,2,4,1,0,4,5,157,35,neutral or dissatisfied
40,1586,0,5,2,1,5,1,5,2,4,0,2,2,3,4,235,243,neutral or dissatisfied
34,201,3,5,3,4,0,3,1,1,4,2,4,3,4,5,97,240,neutral or dissatisfied
43,2524,3,1,1,3,3,0,1,1,2,4,4,5,3,2,109,198,neutral or dissatisfied
64,4380,4,2,5,4,1,5,4,1,0,5,0,3,4,3,272,207,neutral or dissatisfied
73,2182,2,2,2,2,0,4,3,4,0,5,5,1,5,2,93,116,satisfied
55,1086,3,1,0,4,4,2,3,4,4,3,2,0,0,5,3,252,neutral or dissatisfied
19,623,1,5,4,4,1,1,0,2,2,0,4,4,1,2,51,150,satisfied
23,2768,3,5,0,0,5,4,3,5,0,3,4,0,1,1,210,56,neutral or dissatisfied
24,3311,0,1,4,0,1,2,5,0,0,1,4,0,1,4,139,150,neutral or dissatisfied
30,2508,2,0,1,5,2,0,3,5,2,4,3,4,2,4,96,71,satisfied
44,4066,0,1,2,3,1,2,2,2,0,0,1,0,3,0,69,246,satisfied
28,3349,3,5,2,0,3,5,5,5,5,5,2,3,0,3,296,271,satisfied
77,4144,3,5,2,5,0,2,5,5,2,3,5,0,2,2,178,203,neutral or dissatisfied
72,4142,0,0,3,3,3,1,1,0,3,2,4,3,5,3,216,174,neutral or dissatisfied
32,4782,5,1,0,5,2,3,0,0,4,1,0,3,2,2,74,49,satisfied
26,3311,4,5,4,0,3,4,3,4,2,1,3,4,5,4,234,9,satisfied
25,4910,4,1,3,0,1,5,3,4,1,3,3,1,4,5,98,291,satisfied
63,3632,3,4,1,1,1,4,1,5,5,4,5,3,0,4,233,177,neutral or dissatisfied
23,2901,4,0,1,3,1,2,4,1,2,2,1,2,5,0,165,162,satisfied
65,2516,0,3,5,5,0,1,0,2,3,3,5,4,4,5,227,4,neutral or dissatisfied
77,1646,2,2,5,4,4,3,5,0,5,3,2,1,5,4,27,48,satisfied
60,870,3,0,3,0,4,2,3,0,1,3,0,3,3,0,197,53,satisfied
21,1501,1,1,5,3,2,4,0,0,0,3,5,2,4,3,238,19,neutral or dissatisfied
28,175,5,5,4,4,3,2,5,5,1,3,2,4,2,4,227,38,neutral or dissatisfied
68,2066,4,2,1,0,4,0,5,1,1,5,5,0,5,0,82,88,satisfied
75,3223,4,1,5,2,0,5,5,4,5,3,4,3,3,1,15,117,neutral or dissatisfied
45,4109,1,3,5,4,1,3,0,4,0,2,5,5,4,4,90,137,neutral or dissatisfied
43,4190,5,0,5,0,2,2,4,1,1,2,0,0,4,0,10,8,satisfied
21,3815,1,5,0,0,1,1,3,2,0,3,5,4,0,5,12,183,neutral or dissatisfied
79,2420,5,5,1,5,0,5,5,2,1,2,0,3,0,5,80,212,neutral or dissatisfied
32,3978,0,0,4,4,1,4,0,1,0,0,2,4,4,1,99,138,satisfied
36,4456,5,1,5,3,0,5,3,4,2,0,2,1,4,3,94,297,satisfied
23,1015,0,1,0,1,3,0,5,2,3,1,3,0,0,1,45,78,satisfied
76,4789,4,0,3,5,0,1,5,0,3,0,5,0,4,2,132,89,satisfied
22,3316,5,1,4,0,3,4,5,0,1,5,4,2,0,0,76,294,satisfied
35,2530,2,0,0,3,3,0,3,4,3,1,5,4,4,1,178,117,satisfied
23,764,0,4,5,2,3,4,2,1,3,5,4,4,2,4,203,4,neutral or dissatisfied
48,1391,5,3,0,5,1,3,4,1,1,2,1,1,4,5,160,102,neutral or dissatisfied
42,250,0,5,0,4,1,2,0,2,0,3,2,2,5,2,31,261,satisfied
21,3744,3,0,4,3,1,4,5,4,4,5,4,4,0,2,271,133,neutral or dissatisfied
23,1343,5,5,5,3,2,0,0,4,2,3,5,4,4,3,295,51,satisfied
58,4838,3,3,2,3,2,3,3,5,3,0,5,3,0,5,213,110,neutral or dissatisfied
54,1688,0,3,1,1,5,2,0,2,1,2,1,3,3,1,238,143,satisfied
76,2492,2,4,2,1,5,3,2,4,0,4,2,4,4,5,50,159,satisfied
67,3065,4,0,5,5,4,1,2,4,5,3,1,2,1,0,123,182,satisfied
73,2563,1,1,1,5,2,5,1,5,1,2,5,0,5,2,141,164,satisfied
42,855,5,1,4,2,1,1,0,2,4,3,4,0,2,5,16,36,neutral or dissatisfied
51,3834,0,0,1,0,2,2,0,4,3,0,3,5,3,1,219,243,neutral or dissatisfied
36,3808,2,0,5,1,2,1,5,5,5,4,0,3,1,0,206,250,satisfied
51,1422,2,3,4,5,2,2,4,5,4,3,5,2,3,0,7,208,satisfied
32,2883,2,3,0,1,4,5,5,2,0,2,3,3,1,2,19,66,neutral or dissatisfied
67,410,0,5,3,1,3,1,3,5,2,1,0,4,3,2,294,114,satisfied
25,2742,0,2,2,1,1,5,4,5,3,5,1,3,3,0,243,225,satisfied
71,3963,5,3,2,5,1,5,2,5,0,3,2,0,2,0,190,223,satisfied
61,401,5,0,4,5,5,1,5,3,1,1,2,2,2,1,249,136,satisfied
64,2071,2,2,1,2,4,1,0,1,1,2,5,0,5,0,89,11,neutral or dissatisfied
66,1439,2,3,1,3,0,2,5,1,2,3,2,3,0,5,30,263,satisfied
70,2064,5,1,3,4,3,4,0,4,2,4,3,2,3,3,287,29,neutral or dissatisfied
51,1278,0,3,0,4,4,4,4,0,3,0,2,5,0,0,134,160,satisfied
35,3804,4,3,1,3,1,1,5,0,0,0,5,3,3,0,65,4,neutral or dissatisfied
47,2777,0,3,1,0,2,4,4,1,0,2,0,1,5,0,73,168,neutral or dissatisfied
30,4829,3,3,5,2,4,3,5,0,5,5,0,4,4,0,196,96,satisfied
72,516,2,4,0,2,0,1,1,2,2,4,0,4,4,2,22,200,neutral or dissatisfied
64,1922,4,0,3,1,4,3,5,2,5,4,2,4,0,2,99,211,neutral or dissatisfied
72,3499,1,2,1,3,0,4,1,5,4,0,4,2,1,0,14,70,satisfied
50,4292,0,0,4,1,5,2,5,5,5,1,0,3,1,2,38,240,neutral or dissatisfied
52,1825,2,3,0,4,4,5,1,3,2,2,0,2,4,0,9,201,neutral or dissatisfied
69,613,0,1,1,4,5,5,4,0,2,4,4,0,4,2,115,63,satisfied
41,3674,1,2,3,3,0,0,3,1,5,5,5,1,3,2,297,52,neutral or dissatisfied
78,2513,0,5,2,4,4,2,5,3,5,3,2,5,3,1,176,253,neutral or dissatisfied
43,3290,4,0,4,5,0,2,4,4,1,2,2,5,1,3,13,83,satisfied
64,2622,1,5,5,2,0,5,5,2,2,0,3,0,2,4,55,22,neutral or dissatisfied
68,1139,3,1,4,1,4,5,2,1,4,3,2,1,1,4,135,234,neutral or dissatisfied
61,1326,3,3,4,2,1,4,0,5,1,2,0,5,4,3,281,70,satisfied
70,3851,2,1,4,3,4,2,3,1,1,2,3,5,1,5,185,272,neutral or dissatisfied
59,206,3,0,2,3,1,5,0,0,4,1,4,4,4,4,15,107,neutral or dissatisfied
64,4452,0,2,2,4,0,5,3,1,4,3,4,5,3,0,122,13,neutral or dissatisfied
18,1717,4,0,2,0,5,4,3,4,1,5,1,1,5,2,256,16,neutral or dissatisfied
30,3358,3,1,2,5,4,0,2,0,1,0,3,4,2,1,164,49,satisfied
72,3184,2,1,3,0,0,4,5,0,1,2,4,0,2,5,163,11,neutral or dissatisfied
27,531,0,0,1,3,1,3,2,3,4,1,1,1,5,0,202,112,satisfied
36,890,2,5,2,2,4,4,2,0,0,0,0,5,4,5,261,145,satisfied
22,4568,2,5,2,5,4,3,0,3,3,3,4,0,2,2,30,135,neutral or dissatisfied
25,2118,4,0,3,1,4,2,2,4,3,0,1,0,4,5,116,55,neutral or dissatisfied
21,3982,5,0,0,0,3,2,3,1,5,5,1,1,3,3,195,214,neutral or dissatisfied
66,3496,4,1,3,0,5,3,0,5,5,3,3,2,1,2,107,186,neutral or dissatisfied
30,4062,2,4,0,2,1,2,3,4,2,0,2,1,5,4,178,65,satisfied
55,930,2,0,4,3,0,1,1,0,4,3,0,4,5,3,49,57,satisfied
70,3976,3,3,3,4,0,0,5,1,1,2,2,5,3,5,299,104,neutral or dissatisfied
63,4023,3,1,4,5,4,5,5,5,0,3,1,3,5,5,237,84,neutral or dissatisfied
66,2320,1,4,0,2,2,4,0,1,2,0,4,3,3,1,27,113,satisfied
63,821,5,2,3,3,2,0,3,2,5,4,2,2,1,3,247,178,neutral or dissatisfied
36,2388,4,4,0,5,3,2,3,5,2,0,5,2,2,3,216,214,satisfied
69,298,5,2,0,5,0,0,0,4,1,5,5,0,4,0,115,226,satisfied
67,362,3,4,4,1,4,1,1,3,4,0,2,2,3,3,240,256,satisfied
25,3604,2,1,0,3,3,1,0,4,3,0,4,1,3,4,232,3,satisfied
44,4273,3,3,1,4,4,4,2,4,0,4,2,4,4,0,296,191,satisfied
67,2541,1,1,2,3,0,2,2,1,1,0,5,4,1,5,253,211,neutral or dissatisfied
64,569,3,4,3,3,2,2,2,4,0,0,4,4,4,0,276,59,neutral or dissatisfied
47,1958,2,4,4,2,5,1,4,4,4,2,0,3,4,2,279,291,satisfied
21,1288,3,2,2,4,1,3,1,5,4,5,5,0,3,2,289,294,satisfied
28,384,3,0,4,4,1,0,0,4,2,1,3,0,4,4,274,82,neutral or dissatisfied
38,1070,4,1,1,0,4,1,4,2,1,4,4,0,0,5,36,289,satisfied
60,1638,4,2,5,0,3,0,1,1,2,4,4,0,0,0,231,273,satisfied
19,2569,1,4,2,1,1,4,5,3,2,0,4,3,0,2,58,211,neutral or dissatisfied
73,1858,1,4,3,1,3,1,3,0,0,4,3,3,5,3,105,47,satisfied
38,4149,3,0,5,4,0,5,0,1,5,4,1,3,3,2,94,99,satisfied
34,1639,4,1,0,5,4,4,2,5,1,3,5,2,3,4,2,181,neutral or dissatisfied
60,211,4,4,5,5,5,3,1,2,1,5,0,0,1,0,35,199,neutral or dissatisfied
68,1879,3,3,0,3,3,3,3,3,4,1,5,2,1,2,292,103,neutral or dissatisfied
46,4790,5,0,2,0,4,2,1,0,3,4,4,2,3,0,147,75,satisfied
44,2081,4,0,4,1,1,4,3,1,1,5,2,5,1,4,136,58,neutral or dissatisfied
41,2638,0,2,3,4,2,1,1,0,2,5,0,5,2,4,242,273,satisfied
70,4224,2,2,0,3,0,0,2,5,1,1,4,4,5,1,23,33,neutral or dissatisfied
66,1927,5,2,2,2,1,0,4,2,3,4,1,0,1,5,43,231,satisfied
20,409,0,4,2,3,5,4,3,4,0,2,2,1,3,0,135,244,satisfied
56,3966,0,5,1,0,4,1,0,0,5,1,4,2,3,0,20,193,neutral or dissatisfied
27,3541,0,0,5,5,3,2,0,1,4,3,3,0,3,1,242,188,neutral or dissatisfied
20,3986,4,1,3,3,4,3,1,2,4,4,2,0,2,5,263,235,satisfied
70,4393,3,3,3,0,3,3,4,2,5,0,3,0,0,4,243,299,satisfied
62,227,5,4,4,2,4,2,3,5,1,4,0,2,3,5,127,239,satisfied
59,271,5,4,4,3,0,5,4,5,0,4,2,2,2,0,184,293,satisfied
43,1207,5,1,2,2,2,1,1,2,1,5,5,0,4,3,176,258,satisfied
78,4258,1,4,1,0,5,0,3,4,4,4,2,3,3,5,251,40,neutral or dissatisfied
71,3374,2,1,2,0,3,0,0,5,0,1,3,4,1,1,254,152,neutral or dissatisfied
54,1343,2,5,4,0,1,5,0,4,1,4,0,2,2,4,192,275,satisfied
44,4935,0,1,0,5,2,5,3,5,4,1,0,2,4,3,195,40,satisfied
22,3012,1,0,1,4,0,0,3,1,1,5,3,3,1,2,295,143,neutral or dissatisfied
59,4362,3,4,5,0,3,1,3,2,5,3,4,0,2,1,207,154,neutral or dissatisfied
28,3927,1,4,3,1,4,1,0,3,5,5,1,3,0,4,64,179,satisfied
30,3554,1,3,0,3,5,4,3,2,2,2,3,3,1,5,106,27,neutral or dissatisfied
58,3909,2,1,0,5,5,4,3,1,3,2,3,0,2,1,299,234,satisfied
51,4001,4,3,5,4,4,2,4,5,2,2,4,5,0,5,165,60,satisfied
55,3981,0,5,3,2,2,2,1,2,0,4,4,2,0,5,76,113,neutral or dissatisfied
57,2503,4,3,5,2,4,0,4,2,2,5,5,2,1,3,94,155,neutral or dissatisfied
50,2398,5,5,2,1,2,1,1,3,4,1,5,0,4,0,185,32,neutral or dissatisfied
76,2892,2,3,1,3,2,4,1,1,5,2,2,4,1,1,169,220,neutral or dissatisfied
51,379,1,2,0,5,1,0,5,2,4,3,2,1,0,5,74,200,neutral or dissatisfied
44,1246,0,0,5,1,1,5,1,4,5,2,0,3,2,2,7,71,satisfied
53,4012,3,1,5,5,1,4,0,0,5,4,4,0,0,4,75,48,neutral or dissatisfied
43,3725,3,4,2,3,4,1,0,3,5,0,0,1,1,5,69,252,satisfied
68,3409,1,2,3,5,3,1,3,5,5,2,3,4,5,3,6,273,satisfied
42,915,4,2,2,2,3,2,4,3,5,4,0,3,0,4,105,98,satisfied
36,1779,4,2,0,1,1,5,4,1,1,4,3,0,4,2,42,149,satisfied
38,2754,0,4,1,2,1,1,3,4,2,0,3,5,5,3,219,203,neutral or dissatisfied
48,2121,5,2,1,3,3,1,4,4,0,2,4,0,0,1,217,106,satisfied
46,910,2,2,3,1,1,5,3,4,3,5,0,3,4,0,292,95,neutral or dissatisfied
26,612,4,4,2,5,2,5,2,1,2,2,4,3,4,5,299,77,neutral or dissatisfied
36,3050,3,0,4,1,0,5,4,1,0,3,5,2,2,0,176,181,satisfied
43,4929,3,5,1,4,5,0,0,1,2,5,3,3,0,0,132,253,satisfied
42,3239,3,2,4,4,2,1,2,5,2,4,5,4,2,3,37,138,satisfied
57,4483,5,1,2,3,3,3,3,2,1,2,2,2,3,3,72,86,satisfied
60,2945,4,0,2,3,1,0,0,2,5,2,1,2,2,3,86,200,satisfied
77,2087,1,4,4,1,0,5,4,3,4,1,1,2,2,1,185,167,neutral or dissatisfied
46,4193,4,0,3,5,1,5,1,3,5,0,4,4,4,5,292,234,neutral or dissatisfied
42,1386,4,0,4,4,5,2,3,0,3,3,3,3,4,1,246,221,neutral or dissatisfied
36,4429,0,3,0,3,5,0,4,0,3,0,4,0,3,4,255,92,satisfied
21,3657,2,4,4,1,2,0,4,3,2,1,4,0,5,0,52,275,neutral or dissatisfied
62,4463,5,0,4,5,5,1,3,0,1,5,5,5,4,2,295,20,neutral or dissatisfied
37,3509,4,4,3,3,5,0,3,2,2,5,2,2,4,2,64,172,satisfied
63,2971,4,5,0,0,5,4,3,3,2,5,4,0,2,4,69,49,neutral or dissatisfied
72,1423,2,2,2,4,5,3,4,5,0,1,0,2,4,5,274,213,neutral or dissatisfied
18,4728,3,4,0,3,1,5,2,1,1,1,5,3,0,2,117,125,satisfied
28,4671,5,0,4,5,5,4,5,4,0,5,5,3,3,1,182,179,neutral or dissatisfied
21,611,2,4,5,5,2,2,1,1,2,2,2,3,4,5,265,131,satisfied
24,2779,4,3,2,2,0,5,4,0,3,0,1,2,1,2,150,50,neutral or dissatisfied
45,4466,1,5,3,1,4,3,3,1,2,0,4,4,2,1,41,249,neutral or dissatisfied
53,370,0,3,2,1,4,1,2,3,3,4,4,3,5,3,299,115,satisfied
75,2228,0,3,3,4,0,3,1,3,0,2,1,4,2,4,183,137,satisfied
24,547,2,5,4,4,1,1,2,0,2,3,2,4,0,5,289,71,neutral or dissatisfied
37,4569,2,5,0,5,5,0,3,3,2,3,5,0,1,1,85,283,satisfied
52,143,3,5,0,1,4,1,1,1,0,4,2,3,5,5,74,1,satisfied
68,3899,0,4,0,5,2,2,2,4,3,1,3,3,3,3,177,26,satisfied
